Mã Khách Hàng (CIF),Phân Cấp Rủi Ro,Biện Pháp Vận Hành,Luận Chứng Toán Học AI (Top 3 SHAP Drivers)
895764,High,CRITICAL: BLOCK IMMEDIATELY,"[1] Biến 'unique_devices'=2.0 (Điểm phạt SHAP: +8.156) || [2] Biến 'total_trans_amount'=2,372,000 VND (Điểm phạt SHAP: +3.870) || [3] Biến 'password_change_count'=1.0 (Điểm phạt SHAP: +0.335)"
462712,High,CRITICAL: BLOCK IMMEDIATELY,"[1] Biến 'unique_devices'=2.0 (Điểm phạt SHAP: +7.999) || [2] Biến 'total_trans_amount'=100,340,254 VND (Điểm phạt SHAP: +3.944) || [3] Biến 'password_change_count'=3.0 (Điểm phạt SHAP: +0.345)"
115006,High,CRITICAL: BLOCK IMMEDIATELY,"[1] Biến 'unique_devices'=2.0 (Điểm phạt SHAP: +8.369) || [2] Biến 'total_trans_amount'=80,599,151 VND (Điểm phạt SHAP: +3.916) || [3] Biến 'password_change_count'=3.0 (Điểm phạt SHAP: +0.334)"
739245,High,CRITICAL: BLOCK IMMEDIATELY,"[1] Biến 'unique_devices'=2.0 (Điểm phạt SHAP: +8.151) || [2] Biến 'total_trans_amount'=32,137,106 VND (Điểm phạt SHAP: +3.871) || [3] Biến 'password_change_count'=4.0 (Điểm phạt SHAP: +0.319)"
67971,High,CRITICAL: BLOCK IMMEDIATELY,"[1] Biến 'unique_devices'=3.0 (Điểm phạt SHAP: +8.097) || [2] Biến 'total_trans_amount'=63,652,430 VND (Điểm phạt SHAP: +3.992) || [3] Biến 'password_change_count'=1.0 (Điểm phạt SHAP: +0.324)"
18979,High,CRITICAL: BLOCK IMMEDIATELY,"[1] Biến 'unique_devices'=2.0 (Điểm phạt SHAP: +8.012) || [2] Biến 'total_trans_amount'=387,476,257 VND (Điểm phạt SHAP: +3.946) || [3] Biến 'password_change_count'=2.0 (Điểm phạt SHAP: +0.325)"
319968,High,CRITICAL: BLOCK IMMEDIATELY,"[1] Biến 'unique_devices'=2.0 (Điểm phạt SHAP: +8.276) || [2] Biến 'total_trans_amount'=10,801,658 VND (Điểm phạt SHAP: +3.864) || [3] Biến 'password_change_count'=2.0 (Điểm phạt SHAP: +0.324)"
468279,High,CRITICAL: BLOCK IMMEDIATELY,"[1] Biến 'unique_devices'=2.0 (Điểm phạt SHAP: +6.914) || [2] Biến 'total_trans_amount'=35,900,000 VND (Điểm phạt SHAP: +4.142) || [3] Biến 'avg_trans_amount'=17,950,000 VND (Điểm phạt SHAP: +0.546)"
67876,High,CRITICAL: BLOCK IMMEDIATELY,"[1] Biến 'unique_devices'=2.0 (Điểm phạt SHAP: +7.057) || [2] Biến 'total_trans_amount'=830,000 VND (Điểm phạt SHAP: +3.742) || [3] Biến 'password_change_count'=1.0 (Điểm phạt SHAP: +0.276)"
54791,High,CRITICAL: BLOCK IMMEDIATELY,"[1] Biến 'unique_devices'=2.0 (Điểm phạt SHAP: +7.996) || [2] Biến 'total_trans_amount'=64,235,000 VND (Điểm phạt SHAP: +4.002) || [3] Biến 'password_change_count'=1.0 (Điểm phạt SHAP: +0.334)"
767217,High,CRITICAL: BLOCK IMMEDIATELY,"[1] Biến 'unique_devices'=3.0 (Điểm phạt SHAP: +7.403) || [2] Biến 'total_trans_amount'=695,883,303 VND (Điểm phạt SHAP: +4.177) || [3] Biến 'password_change_count'=3.0 (Điểm phạt SHAP: +0.309)"
648249,High,CRITICAL: BLOCK IMMEDIATELY,"[1] Biến 'unique_devices'=6.0 (Điểm phạt SHAP: +7.294) || [2] Biến 'total_trans_amount'=108,657,000 VND (Điểm phạt SHAP: +4.055) || [3] Biến 'burst_max'=8.0 (Điểm phạt SHAP: +0.504)"
866216,High,CRITICAL: BLOCK IMMEDIATELY,"[1] Biến 'unique_devices'=2.0 (Điểm phạt SHAP: +8.026) || [2] Biến 'total_trans_amount'=15,905,000 VND (Điểm phạt SHAP: +3.935) || [3] Biến 'password_change_count'=1.0 (Điểm phạt SHAP: +0.334)"
591928,High,CRITICAL: BLOCK IMMEDIATELY,"[1] Biến 'unique_devices'=2.0 (Điểm phạt SHAP: +7.315) || [2] Biến 'total_trans_amount'=26,251,398 VND (Điểm phạt SHAP: +4.055) || [3] Biến 'password_change_count'=1.0 (Điểm phạt SHAP: +0.313)"
420717,High,CRITICAL: BLOCK IMMEDIATELY,"[1] Biến 'unique_devices'=2.0 (Điểm phạt SHAP: +7.872) || [2] Biến 'total_trans_amount'=94,855,640 VND (Điểm phạt SHAP: +4.013) || [3] Biến 'password_change_count'=2.0 (Điểm phạt SHAP: +0.334)"
118961,High,CRITICAL: BLOCK IMMEDIATELY,"[1] Biến 'unique_devices'=2.0 (Điểm phạt SHAP: +8.139) || [2] Biến 'total_trans_amount'=31,840,000 VND (Điểm phạt SHAP: +3.866) || [3] Biến 'password_change_count'=2.0 (Điểm phạt SHAP: +0.334)"
828487,High,CRITICAL: BLOCK IMMEDIATELY,"[1] Biến 'unique_devices'=4.0 (Điểm phạt SHAP: +7.325) || [2] Biến 'total_trans_amount'=192,468,555 VND (Điểm phạt SHAP: +4.052) || [3] Biến 'password_change_count'=3.0 (Điểm phạt SHAP: +0.320)"
684002,High,CRITICAL: BLOCK IMMEDIATELY,"[1] Biến 'unique_devices'=2.0 (Điểm phạt SHAP: +8.207) || [2] Biến 'total_trans_amount'=12,589,000 VND (Điểm phạt SHAP: +3.860) || [3] Biến 'password_change_count'=1.0 (Điểm phạt SHAP: +0.334)"
210260,High,CRITICAL: BLOCK IMMEDIATELY,"[1] Biến 'unique_devices'=2.0 (Điểm phạt SHAP: +8.063) || [2] Biến 'total_trans_amount'=2,270,000 VND (Điểm phạt SHAP: +3.885) || [3] Biến 'password_change_count'=2.0 (Điểm phạt SHAP: +0.335)"
830962,High,CRITICAL: BLOCK IMMEDIATELY,"[1] Biến 'unique_devices'=6.0 (Điểm phạt SHAP: +7.866) || [2] Biến 'total_trans_amount'=310,535,775 VND (Điểm phạt SHAP: +3.969) || [3] Biến 'password_change_count'=2.0 (Điểm phạt SHAP: +0.334)"
74175,High,CRITICAL: BLOCK IMMEDIATELY,"[1] Biến 'unique_devices'=3.0 (Điểm phạt SHAP: +8.079) || [2] Biến 'total_trans_amount'=21,990,000 VND (Điểm phạt SHAP: +3.936) || [3] Biến 'password_change_count'=2.0 (Điểm phạt SHAP: +0.334)"
681974,High,CRITICAL: BLOCK IMMEDIATELY,"[1] Biến 'unique_devices'=2.0 (Điểm phạt SHAP: +7.953) || [2] Biến 'total_trans_amount'=1,149,310 VND (Điểm phạt SHAP: +3.703) || [3] Biến 'password_change_count'=1.0 (Điểm phạt SHAP: +0.319)"
795952,High,CRITICAL: BLOCK IMMEDIATELY,"[1] Biến 'unique_devices'=3.0 (Điểm phạt SHAP: +7.517) || [2] Biến 'total_trans_amount'=61,290,000 VND (Điểm phạt SHAP: +4.034) || [3] Biến 'password_change_count'=10.0 (Điểm phạt SHAP: +0.318)"
799229,High,CRITICAL: BLOCK IMMEDIATELY,"[1] Biến 'unique_devices'=2.0 (Điểm phạt SHAP: +7.962) || [2] Biến 'total_trans_amount'=139,645,908 VND (Điểm phạt SHAP: +3.983) || [3] Biến 'password_change_count'=1.0 (Điểm phạt SHAP: +0.334)"
71362,High,CRITICAL: BLOCK IMMEDIATELY,"[1] Biến 'unique_devices'=2.0 (Điểm phạt SHAP: +6.894) || [2] Biến 'total_trans_amount'=950,000,000 VND (Điểm phạt SHAP: +4.257) || [3] Biến 'avg_trans_amount'=190,000,000 VND (Điểm phạt SHAP: +0.503)"
285883,High,CRITICAL: BLOCK IMMEDIATELY,"[1] Biến 'unique_devices'=4.0 (Điểm phạt SHAP: +7.887) || [2] Biến 'total_trans_amount'=192,336,000 VND (Điểm phạt SHAP: +3.943) || [3] Biến 'password_change_count'=1.0 (Điểm phạt SHAP: +0.335)"
776085,High,CRITICAL: BLOCK IMMEDIATELY,"[1] Biến 'unique_devices'=2.0 (Điểm phạt SHAP: +7.958) || [2] Biến 'total_trans_amount'=99,730,015 VND (Điểm phạt SHAP: +4.015) || [3] Biến 'password_change_count'=1.0 (Điểm phạt SHAP: +0.333)"
218735,High,CRITICAL: BLOCK IMMEDIATELY,"[1] Biến 'unique_devices'=2.0 (Điểm phạt SHAP: +7.035) || [2] Biến 'total_trans_amount'=477,470,000 VND (Điểm phạt SHAP: +4.182) || [3] Biến 'avg_trans_amount'=21,703,182 VND (Điểm phạt SHAP: +0.516)"
743165,Critical,CRITICAL: BLOCK IMMEDIATELY,"[1] Biến 'total_trans_amount'=2,668,370,000 VND (Điểm phạt SHAP: +4.547) || [2] Biến 'unique_devices'=2.0 (Điểm phạt SHAP: +4.485) || [3] Biến 'avg_trans_amount'=148,242,778 VND (Điểm phạt SHAP: +0.792)"
628837,High,CRITICAL: BLOCK IMMEDIATELY,"[1] Biến 'unique_devices'=3.0 (Điểm phạt SHAP: +7.942) || [2] Biến 'total_trans_amount'=48,878,500 VND (Điểm phạt SHAP: +3.958) || [3] Biến 'password_change_count'=3.0 (Điểm phạt SHAP: +0.345)"
711993,High,CRITICAL: BLOCK IMMEDIATELY,"[1] Biến 'unique_devices'=2.0 (Điểm phạt SHAP: +7.163) || [2] Biến 'total_trans_amount'=299,263,413 VND (Điểm phạt SHAP: +4.068) || [3] Biến 'password_change_count'=1.0 (Điểm phạt SHAP: +0.303)"
375041,High,CRITICAL: BLOCK IMMEDIATELY,"[1] Biến 'unique_devices'=2.0 (Điểm phạt SHAP: +7.971) || [2] Biến 'total_trans_amount'=92,923,000 VND (Điểm phạt SHAP: +3.945) || [3] Biến 'password_change_count'=1.0 (Điểm phạt SHAP: +0.334)"
271999,Critical,CRITICAL: BLOCK IMMEDIATELY,"[1] Biến 'unique_devices'=3.0 (Điểm phạt SHAP: +4.704) || [2] Biến 'total_trans_amount'=477,671,921 VND (Điểm phạt SHAP: +4.470) || [3] Biến 'avg_trans_amount'=59,708,990 VND (Điểm phạt SHAP: +0.815)"
117493,High,CRITICAL: BLOCK IMMEDIATELY,"[1] Biến 'unique_devices'=2.0 (Điểm phạt SHAP: +8.088) || [2] Biến 'total_trans_amount'=28,674,000 VND (Điểm phạt SHAP: +3.874) || [3] Biến 'password_change_count'=1.0 (Điểm phạt SHAP: +0.334)"
433032,High,CRITICAL: BLOCK IMMEDIATELY,"[1] Biến 'unique_devices'=2.0 (Điểm phạt SHAP: +8.270) || [2] Biến 'total_trans_amount'=13,971,000 VND (Điểm phạt SHAP: +3.860) || [3] Biến 'password_change_count'=1.0 (Điểm phạt SHAP: +0.334)"
502493,High,CRITICAL: BLOCK IMMEDIATELY,"[1] Biến 'unique_devices'=5.0 (Điểm phạt SHAP: +7.646) || [2] Biến 'total_trans_amount'=1,376,534,009 VND (Điểm phạt SHAP: +4.070) || [3] Biến 'password_change_count'=1.0 (Điểm phạt SHAP: +0.324)"
969864,Critical,CRITICAL: BLOCK IMMEDIATELY,"[1] Biến 'unique_devices'=2.0 (Điểm phạt SHAP: +4.601) || [2] Biến 'total_trans_amount'=50,208,600 VND (Điểm phạt SHAP: +4.436) || [3] Biến 'avg_trans_amount'=25,104,300 VND (Điểm phạt SHAP: +0.815)"
141041,High,CRITICAL: BLOCK IMMEDIATELY,"[1] Biến 'unique_devices'=2.0 (Điểm phạt SHAP: +7.751) || [2] Biến 'total_trans_amount'=394,670,000 VND (Điểm phạt SHAP: +4.038) || [3] Biến 'password_change_count'=1.0 (Điểm phạt SHAP: +0.334)"
430622,Critical,CRITICAL: BLOCK IMMEDIATELY,"[1] Biến 'unique_devices'=3.0 (Điểm phạt SHAP: +4.695) || [2] Biến 'total_trans_amount'=3,337,858,597 VND (Điểm phạt SHAP: +4.469) || [3] Biến 'avg_trans_amount'=60,688,338 VND (Điểm phạt SHAP: +0.806)"
480889,Critical,CRITICAL: BLOCK IMMEDIATELY,"[1] Biến 'unique_devices'=2.0 (Điểm phạt SHAP: +4.766) || [2] Biến 'total_trans_amount'=1,004,709,865 VND (Điểm phạt SHAP: +4.531) || [3] Biến 'avg_trans_amount'=50,235,493 VND (Điểm phạt SHAP: +0.823)"
404559,High,CRITICAL: BLOCK IMMEDIATELY,"[1] Biến 'unique_devices'=2.0 (Điểm phạt SHAP: +7.953) || [2] Biến 'total_trans_amount'=73,854,000 VND (Điểm phạt SHAP: +3.940) || [3] Biến 'password_change_count'=2.0 (Điểm phạt SHAP: +0.335)"
477178,High,CRITICAL: BLOCK IMMEDIATELY,"[1] Biến 'unique_devices'=3.0 (Điểm phạt SHAP: +6.521) || [2] Biến 'total_trans_amount'=857,890,000 VND (Điểm phạt SHAP: +4.289) || [3] Biến 'avg_trans_amount'=29,582,414 VND (Điểm phạt SHAP: +0.495)"
251869,High,CRITICAL: BLOCK IMMEDIATELY,"[1] Biến 'unique_devices'=2.0 (Điểm phạt SHAP: +8.065) || [2] Biến 'total_trans_amount'=3,890,000 VND (Điểm phạt SHAP: +3.873) || [3] Biến 'password_change_count'=1.0 (Điểm phạt SHAP: +0.334)"
446816,High,CRITICAL: BLOCK IMMEDIATELY,"[1] Biến 'unique_devices'=3.0 (Điểm phạt SHAP: +8.170) || [2] Biến 'total_trans_amount'=38,316,000 VND (Điểm phạt SHAP: +3.873) || [3] Biến 'password_change_count'=1.0 (Điểm phạt SHAP: +0.335)"
169676,High,CRITICAL: BLOCK IMMEDIATELY,"[1] Biến 'unique_devices'=2.0 (Điểm phạt SHAP: +7.842) || [2] Biến 'total_trans_amount'=1,492,000 VND (Điểm phạt SHAP: +3.712) || [3] Biến 'password_change_count'=2.0 (Điểm phạt SHAP: +0.319)"
579724,High,CRITICAL: BLOCK IMMEDIATELY,"[1] Biến 'unique_devices'=3.0 (Điểm phạt SHAP: +7.985) || [2] Biến 'total_trans_amount'=16,733,500 VND (Điểm phạt SHAP: +3.888) || [3] Biến 'password_change_count'=2.0 (Điểm phạt SHAP: +0.334)"
150311,High,CRITICAL: BLOCK IMMEDIATELY,"[1] Biến 'unique_devices'=2.0 (Điểm phạt SHAP: +8.172) || [2] Biến 'total_trans_amount'=18,681,000 VND (Điểm phạt SHAP: +3.912) || [3] Biến 'password_change_count'=4.0 (Điểm phạt SHAP: +0.319)"
746382,High,CRITICAL: BLOCK IMMEDIATELY,"[1] Biến 'unique_devices'=2.0 (Điểm phạt SHAP: +7.909) || [2] Biến 'total_trans_amount'=57,800,000 VND (Điểm phạt SHAP: +3.950) || [3] Biến 'password_change_count'=1.0 (Điểm phạt SHAP: +0.334)"
465741,High,CRITICAL: BLOCK IMMEDIATELY,"[1] Biến 'unique_devices'=2.0 (Điểm phạt SHAP: +8.018) || [2] Biến 'total_trans_amount'=8,600,000 VND (Điểm phạt SHAP: +3.917) || [3] Biến 'password_change_count'=1.0 (Điểm phạt SHAP: +0.334)"
924259,High,CRITICAL: BLOCK IMMEDIATELY,"[1] Biến 'unique_devices'=2.0 (Điểm phạt SHAP: +7.846) || [2] Biến 'total_trans_amount'=102,968,710 VND (Điểm phạt SHAP: +4.003) || [3] Biến 'password_change_count'=1.0 (Điểm phạt SHAP: +0.334)"
982260,High,CRITICAL: BLOCK IMMEDIATELY,"[1] Biến 'unique_devices'=2.0 (Điểm phạt SHAP: +7.358) || [2] Biến 'total_trans_amount'=126,361,818 VND (Điểm phạt SHAP: +4.048) || [3] Biến 'password_change_count'=2.0 (Điểm phạt SHAP: +0.313)"
528789,High,CRITICAL: BLOCK IMMEDIATELY,"[1] Biến 'unique_devices'=2.0 (Điểm phạt SHAP: +7.103) || [2] Biến 'total_trans_amount'=40,250,901 VND (Điểm phạt SHAP: +4.022) || [3] Biến 'password_change_count'=2.0 (Điểm phạt SHAP: +0.307)"
458032,High,CRITICAL: BLOCK IMMEDIATELY,"[1] Biến 'unique_devices'=3.0 (Điểm phạt SHAP: +8.015) || [2] Biến 'total_trans_amount'=13,690,101 VND (Điểm phạt SHAP: +3.906) || [3] Biến 'password_change_count'=2.0 (Điểm phạt SHAP: +0.334)"
510139,Critical,CRITICAL: BLOCK IMMEDIATELY,"[1] Biến 'total_trans_amount'=5,496,899,393 VND (Điểm phạt SHAP: +4.545) || [2] Biến 'unique_devices'=7.0 (Điểm phạt SHAP: +4.506) || [3] Biến 'avg_trans_amount'=33,314,542 VND (Điểm phạt SHAP: +0.773)"
998148,High,CRITICAL: BLOCK IMMEDIATELY,"[1] Biến 'unique_devices'=4.0 (Điểm phạt SHAP: +7.999) || [2] Biến 'total_trans_amount'=67,015,461 VND (Điểm phạt SHAP: +3.963) || [3] Biến 'password_change_count'=5.0 (Điểm phạt SHAP: +0.328)"
296298,High,CRITICAL: BLOCK IMMEDIATELY,"[1] Biến 'unique_devices'=2.0 (Điểm phạt SHAP: +8.085) || [2] Biến 'total_trans_amount'=45,970,000 VND (Điểm phạt SHAP: +3.939) || [3] Biến 'password_change_count'=1.0 (Điểm phạt SHAP: +0.334)"
404313,High,CRITICAL: BLOCK IMMEDIATELY,"[1] Biến 'unique_devices'=2.0 (Điểm phạt SHAP: +7.766) || [2] Biến 'total_trans_amount'=158,188,200 VND (Điểm phạt SHAP: +4.017) || [3] Biến 'password_change_count'=2.0 (Điểm phạt SHAP: +0.324)"
327201,High,CRITICAL: BLOCK IMMEDIATELY,"[1] Biến 'unique_devices'=3.0 (Điểm phạt SHAP: +7.854) || [2] Biến 'total_trans_amount'=116,524,090 VND (Điểm phạt SHAP: +4.006) || [3] Biến 'password_change_count'=4.0 (Điểm phạt SHAP: +0.319)"
823213,High,CRITICAL: BLOCK IMMEDIATELY,"[1] Biến 'unique_devices'=2.0 (Điểm phạt SHAP: +7.844) || [2] Biến 'total_trans_amount'=80,050,000 VND (Điểm phạt SHAP: +3.944) || [3] Biến 'password_change_count'=3.0 (Điểm phạt SHAP: +0.345)"
426391,High,CRITICAL: BLOCK IMMEDIATELY,"[1] Biến 'unique_devices'=2.0 (Điểm phạt SHAP: +8.227) || [2] Biến 'total_trans_amount'=2,500,000 VND (Điểm phạt SHAP: +3.863) || [3] Biến 'password_change_count'=1.0 (Điểm phạt SHAP: +0.327)"
215730,High,CRITICAL: BLOCK IMMEDIATELY,"[1] Biến 'unique_devices'=4.0 (Điểm phạt SHAP: +8.188) || [2] Biến 'total_trans_amount'=44,016,001 VND (Điểm phạt SHAP: +3.866) || [3] Biến 'password_change_count'=1.0 (Điểm phạt SHAP: +0.334)"
190388,High,CRITICAL: BLOCK IMMEDIATELY,"[1] Biến 'unique_devices'=2.0 (Điểm phạt SHAP: +7.950) || [2] Biến 'total_trans_amount'=39,510,095 VND (Điểm phạt SHAP: +3.889) || [3] Biến 'password_change_count'=3.0 (Điểm phạt SHAP: +0.345)"
493671,High,CRITICAL: BLOCK IMMEDIATELY,"[1] Biến 'unique_devices'=3.0 (Điểm phạt SHAP: +8.030) || [2] Biến 'total_trans_amount'=13,464,000 VND (Điểm phạt SHAP: +3.881) || [3] Biến 'password_change_count'=1.0 (Điểm phạt SHAP: +0.335)"
108941,High,CRITICAL: BLOCK IMMEDIATELY,"[1] Biến 'unique_devices'=2.0 (Điểm phạt SHAP: +8.004) || [2] Biến 'total_trans_amount'=1,507,688 VND (Điểm phạt SHAP: +3.878) || [3] Biến 'password_change_count'=1.0 (Điểm phạt SHAP: +0.334)"
250921,High,CRITICAL: BLOCK IMMEDIATELY,"[1] Biến 'unique_devices'=3.0 (Điểm phạt SHAP: +7.909) || [2] Biến 'total_trans_amount'=13,510,000 VND (Điểm phạt SHAP: +3.952) || [3] Biến 'password_change_count'=3.0 (Điểm phạt SHAP: +0.345)"
495671,High,CRITICAL: BLOCK IMMEDIATELY,"[1] Biến 'unique_devices'=2.0 (Điểm phạt SHAP: +7.859) || [2] Biến 'total_trans_amount'=62,002,242 VND (Điểm phạt SHAP: +3.976) || [3] Biến 'password_change_count'=2.0 (Điểm phạt SHAP: +0.334)"
416694,High,CRITICAL: BLOCK IMMEDIATELY,"[1] Biến 'unique_devices'=2.0 (Điểm phạt SHAP: +8.117) || [2] Biến 'total_trans_amount'=8,660,000 VND (Điểm phạt SHAP: +3.860) || [3] Biến 'password_change_count'=2.0 (Điểm phạt SHAP: +0.334)"
979093,High,CRITICAL: BLOCK IMMEDIATELY,"[1] Biến 'unique_devices'=4.0 (Điểm phạt SHAP: +7.854) || [2] Biến 'total_trans_amount'=11,350,000 VND (Điểm phạt SHAP: +3.917) || [3] Biến 'password_change_count'=2.0 (Điểm phạt SHAP: +0.334)"
396419,High,CRITICAL: BLOCK IMMEDIATELY,"[1] Biến 'unique_devices'=3.0 (Điểm phạt SHAP: +7.252) || [2] Biến 'total_trans_amount'=324,549,232 VND (Điểm phạt SHAP: +4.008) || [3] Biến 'burst_max'=7.0 (Điểm phạt SHAP: +0.495)"
12995,High,CRITICAL: BLOCK IMMEDIATELY,"[1] Biến 'unique_devices'=5.0 (Điểm phạt SHAP: +6.634) || [2] Biến 'total_trans_amount'=1,479,202,797 VND (Điểm phạt SHAP: +4.281) || [3] Biến 'avg_trans_amount'=18,261,763 VND (Điểm phạt SHAP: +0.461)"
338197,High,CRITICAL: BLOCK IMMEDIATELY,"[1] Biến 'unique_devices'=2.0 (Điểm phạt SHAP: +8.204) || [2] Biến 'total_trans_amount'=3,044,000 VND (Điểm phạt SHAP: +3.870) || [3] Biến 'password_change_count'=1.0 (Điểm phạt SHAP: +0.335)"
298050,High,CRITICAL: BLOCK IMMEDIATELY,"[1] Biến 'unique_devices'=4.0 (Điểm phạt SHAP: +8.098) || [2] Biến 'total_trans_amount'=26,109,300 VND (Điểm phạt SHAP: +3.931) || [3] Biến 'password_change_count'=1.0 (Điểm phạt SHAP: +0.334)"
895346,High,CRITICAL: BLOCK IMMEDIATELY,"[1] Biến 'unique_devices'=2.0 (Điểm phạt SHAP: +7.266) || [2] Biến 'total_trans_amount'=121,726,458 VND (Điểm phạt SHAP: +4.119) || [3] Biến 'password_change_count'=3.0 (Điểm phạt SHAP: +0.319)"
618612,Critical,CRITICAL: BLOCK IMMEDIATELY,"[1] Biến 'unique_devices'=2.0 (Điểm phạt SHAP: +4.737) || [2] Biến 'total_trans_amount'=159,740,000 VND (Điểm phạt SHAP: +4.466) || [3] Biến 'avg_trans_amount'=19,967,500 VND (Điểm phạt SHAP: +0.860)"
569444,High,CRITICAL: BLOCK IMMEDIATELY,"[1] Biến 'unique_devices'=3.0 (Điểm phạt SHAP: +6.702) || [2] Biến 'total_trans_amount'=3,041,154,000 VND (Điểm phạt SHAP: +4.241) || [3] Biến 'avg_trans_amount'=43,445,057 VND (Điểm phạt SHAP: +0.492)"
278041,High,CRITICAL: BLOCK IMMEDIATELY,"[1] Biến 'unique_devices'=2.0 (Điểm phạt SHAP: +7.553) || [2] Biến 'total_trans_amount'=128,150,000 VND (Điểm phạt SHAP: +4.041) || [3] Biến 'password_change_count'=2.0 (Điểm phạt SHAP: +0.313)"
740301,High,CRITICAL: BLOCK IMMEDIATELY,"[1] Biến 'unique_devices'=6.0 (Điểm phạt SHAP: +6.929) || [2] Biến 'total_trans_amount'=330,397,257 VND (Điểm phạt SHAP: +4.156) || [3] Biến 'burst_max'=12.0 (Điểm phạt SHAP: +0.453)"
118706,High,CRITICAL: BLOCK IMMEDIATELY,"[1] Biến 'unique_devices'=2.0 (Điểm phạt SHAP: +7.993) || [2] Biến 'total_trans_amount'=41,726,745 VND (Điểm phạt SHAP: +3.958) || [3] Biến 'password_change_count'=2.0 (Điểm phạt SHAP: +0.334)"
901579,High,CRITICAL: BLOCK IMMEDIATELY,"[1] Biến 'unique_devices'=2.0 (Điểm phạt SHAP: +8.000) || [2] Biến 'total_trans_amount'=232,893,973 VND (Điểm phạt SHAP: +3.963) || [3] Biến 'password_change_count'=1.0 (Điểm phạt SHAP: +0.323)"
229765,Critical,CRITICAL: BLOCK IMMEDIATELY,"[1] Biến 'total_trans_amount'=668,206,765 VND (Điểm phạt SHAP: +4.544) || [2] Biến 'unique_devices'=3.0 (Điểm phạt SHAP: +4.539) || [3] Biến 'avg_trans_amount'=20,248,690 VND (Điểm phạt SHAP: +0.830)"
965709,High,CRITICAL: BLOCK IMMEDIATELY,"[1] Biến 'unique_devices'=4.0 (Điểm phạt SHAP: +7.392) || [2] Biến 'total_trans_amount'=101,230,934 VND (Điểm phạt SHAP: +4.087) || [3] Biến 'password_change_count'=1.0 (Điểm phạt SHAP: +0.313)"
703262,High,CRITICAL: BLOCK IMMEDIATELY,"[1] Biến 'unique_devices'=2.0 (Điểm phạt SHAP: +7.682) || [2] Biến 'total_trans_amount'=466,660,000 VND (Điểm phạt SHAP: +4.075) || [3] Biến 'password_change_count'=2.0 (Điểm phạt SHAP: +0.306)"
350800,High,CRITICAL: BLOCK IMMEDIATELY,"[1] Biến 'unique_devices'=5.0 (Điểm phạt SHAP: +8.159) || [2] Biến 'total_trans_amount'=38,746,422 VND (Điểm phạt SHAP: +3.936) || [3] Biến 'password_change_count'=2.0 (Điểm phạt SHAP: +0.334)"
455957,High,CRITICAL: BLOCK IMMEDIATELY,"[1] Biến 'unique_devices'=2.0 (Điểm phạt SHAP: +7.551) || [2] Biến 'total_trans_amount'=39,859,031 VND (Điểm phạt SHAP: +4.041) || [3] Biến 'password_change_count'=1.0 (Điểm phạt SHAP: +0.302)"
828601,High,CRITICAL: BLOCK IMMEDIATELY,"[1] Biến 'unique_devices'=2.0 (Điểm phạt SHAP: +7.793) || [2] Biến 'total_trans_amount'=175,750,000 VND (Điểm phạt SHAP: +4.014) || [3] Biến 'password_change_count'=1.0 (Điểm phạt SHAP: +0.333)"
490097,High,CRITICAL: BLOCK IMMEDIATELY,"[1] Biến 'unique_devices'=2.0 (Điểm phạt SHAP: +7.923) || [2] Biến 'total_trans_amount'=12,780,000 VND (Điểm phạt SHAP: +3.959) || [3] Biến 'password_change_count'=1.0 (Điểm phạt SHAP: +0.333)"
981337,High,CRITICAL: BLOCK IMMEDIATELY,"[1] Biến 'unique_devices'=2.0 (Điểm phạt SHAP: +8.055) || [2] Biến 'total_trans_amount'=8,650,000 VND (Điểm phạt SHAP: +3.890) || [3] Biến 'password_change_count'=1.0 (Điểm phạt SHAP: +0.335)"
489344,High,CRITICAL: BLOCK IMMEDIATELY,"[1] Biến 'unique_devices'=2.0 (Điểm phạt SHAP: +8.154) || [2] Biến 'total_trans_amount'=6,060,000 VND (Điểm phạt SHAP: +3.862) || [3] Biến 'password_change_count'=1.0 (Điểm phạt SHAP: +0.335)"
508673,High,CRITICAL: BLOCK IMMEDIATELY,"[1] Biến 'unique_devices'=3.0 (Điểm phạt SHAP: +8.092) || [2] Biến 'total_trans_amount'=24,866,000 VND (Điểm phạt SHAP: +3.871) || [3] Biến 'password_change_count'=1.0 (Điểm phạt SHAP: +0.334)"
826942,High,CRITICAL: BLOCK IMMEDIATELY,"[1] Biến 'unique_devices'=2.0 (Điểm phạt SHAP: +7.964) || [2] Biến 'total_trans_amount'=62,800,849 VND (Điểm phạt SHAP: +3.999) || [3] Biến 'password_change_count'=2.0 (Điểm phạt SHAP: +0.334)"
234833,High,CRITICAL: BLOCK IMMEDIATELY,"[1] Biến 'unique_devices'=10.0 (Điểm phạt SHAP: +7.226) || [2] Biến 'total_trans_amount'=388,168,526 VND (Điểm phạt SHAP: +4.128) || [3] Biến 'burst_max'=10.0 (Điểm phạt SHAP: +0.502)"
538890,Critical,CRITICAL: BLOCK IMMEDIATELY,"[1] Biến 'unique_devices'=2.0 (Điểm phạt SHAP: +4.674) || [2] Biến 'total_trans_amount'=1,329,052,310 VND (Điểm phạt SHAP: +4.507) || [3] Biến 'avg_trans_amount'=18,719,047 VND (Điểm phạt SHAP: +0.802)"
268557,High,CRITICAL: BLOCK IMMEDIATELY,"[1] Biến 'unique_devices'=2.0 (Điểm phạt SHAP: +8.014) || [2] Biến 'total_trans_amount'=8,402,500 VND (Điểm phạt SHAP: +3.874) || [3] Biến 'password_change_count'=1.0 (Điểm phạt SHAP: +0.334)"
359500,High,CRITICAL: BLOCK IMMEDIATELY,"[1] Biến 'unique_devices'=2.0 (Điểm phạt SHAP: +7.968) || [2] Biến 'total_trans_amount'=29,539,196 VND (Điểm phạt SHAP: +3.936) || [3] Biến 'password_change_count'=3.0 (Điểm phạt SHAP: +0.339)"
583234,High,CRITICAL: BLOCK IMMEDIATELY,"[1] Biến 'unique_devices'=5.0 (Điểm phạt SHAP: +7.713) || [2] Biến 'total_trans_amount'=105,615,892 VND (Điểm phạt SHAP: +3.987) || [3] Biến 'password_change_count'=1.0 (Điểm phạt SHAP: +0.334)"
111065,High,CRITICAL: BLOCK IMMEDIATELY,"[1] Biến 'unique_devices'=5.0 (Điểm phạt SHAP: +7.761) || [2] Biến 'total_trans_amount'=157,412,627 VND (Điểm phạt SHAP: +4.009) || [3] Biến 'password_change_count'=1.0 (Điểm phạt SHAP: +0.334)"
243304,High,CRITICAL: BLOCK IMMEDIATELY,"[1] Biến 'unique_devices'=3.0 (Điểm phạt SHAP: +8.136) || [2] Biến 'total_trans_amount'=22,900,000 VND (Điểm phạt SHAP: +3.884) || [3] Biến 'password_change_count'=1.0 (Điểm phạt SHAP: +0.334)"
145308,High,CRITICAL: BLOCK IMMEDIATELY,"[1] Biến 'unique_devices'=6.0 (Điểm phạt SHAP: +7.886) || [2] Biến 'total_trans_amount'=699,275,978 VND (Điểm phạt SHAP: +4.052) || [3] Biến 'password_change_count'=2.0 (Điểm phạt SHAP: +0.327)"
489790,High,CRITICAL: BLOCK IMMEDIATELY,"[1] Biến 'unique_devices'=2.0 (Điểm phạt SHAP: +8.164) || [2] Biến 'total_trans_amount'=11,628,000 VND (Điểm phạt SHAP: +3.868) || [3] Biến 'password_change_count'=1.0 (Điểm phạt SHAP: +0.334)"
695304,High,CRITICAL: BLOCK IMMEDIATELY,"[1] Biến 'unique_devices'=2.0 (Điểm phạt SHAP: +7.872) || [2] Biến 'total_trans_amount'=106,717,100 VND (Điểm phạt SHAP: +4.008) || [3] Biến 'password_change_count'=6.0 (Điểm phạt SHAP: +0.319)"
966695,High,CRITICAL: BLOCK IMMEDIATELY,"[1] Biến 'unique_devices'=2.0 (Điểm phạt SHAP: +7.960) || [2] Biến 'total_trans_amount'=39,450,000 VND (Điểm phạt SHAP: +3.956) || [3] Biến 'password_change_count'=1.0 (Điểm phạt SHAP: +0.333)"
117133,High,CRITICAL: BLOCK IMMEDIATELY,"[1] Biến 'unique_devices'=3.0 (Điểm phạt SHAP: +7.791) || [2] Biến 'total_trans_amount'=129,034,198 VND (Điểm phạt SHAP: +4.009) || [3] Biến 'password_change_count'=1.0 (Điểm phạt SHAP: +0.333)"
28588,High,CRITICAL: BLOCK IMMEDIATELY,"[1] Biến 'unique_devices'=3.0 (Điểm phạt SHAP: +7.071) || [2] Biến 'total_trans_amount'=439,404,000 VND (Điểm phạt SHAP: +4.181) || [3] Biến 'avg_trans_amount'=25,847,294 VND (Điểm phạt SHAP: +0.537)"
409743,High,CRITICAL: BLOCK IMMEDIATELY,"[1] Biến 'unique_devices'=4.0 (Điểm phạt SHAP: +7.875) || [2] Biến 'total_trans_amount'=12,025,269 VND (Điểm phạt SHAP: +3.906) || [3] Biến 'password_change_count'=2.0 (Điểm phạt SHAP: +0.334)"
971812,High,CRITICAL: BLOCK IMMEDIATELY,"[1] Biến 'unique_devices'=4.0 (Điểm phạt SHAP: +7.318) || [2] Biến 'total_trans_amount'=182,356,400 VND (Điểm phạt SHAP: +4.085) || [3] Biến 'password_change_count'=1.0 (Điểm phạt SHAP: +0.312)"
31419,High,CRITICAL: BLOCK IMMEDIATELY,"[1] Biến 'unique_devices'=2.0 (Điểm phạt SHAP: +7.784) || [2] Biến 'total_trans_amount'=11,002,000 VND (Điểm phạt SHAP: +3.967) || [3] Biến 'password_change_count'=2.0 (Điểm phạt SHAP: +0.334)"
333266,High,CRITICAL: BLOCK IMMEDIATELY,"[1] Biến 'unique_devices'=2.0 (Điểm phạt SHAP: +8.036) || [2] Biến 'total_trans_amount'=26,514,000 VND (Điểm phạt SHAP: +3.872) || [3] Biến 'password_change_count'=2.0 (Điểm phạt SHAP: +0.334)"
682595,High,CRITICAL: BLOCK IMMEDIATELY,"[1] Biến 'unique_devices'=2.0 (Điểm phạt SHAP: +8.104) || [2] Biến 'total_trans_amount'=76,557,270 VND (Điểm phạt SHAP: +3.999) || [3] Biến 'password_change_count'=2.0 (Điểm phạt SHAP: +0.328)"
993,High,CRITICAL: BLOCK IMMEDIATELY,"[1] Biến 'unique_devices'=2.0 (Điểm phạt SHAP: +7.311) || [2] Biến 'total_trans_amount'=72,928,092 VND (Điểm phạt SHAP: +4.122) || [3] Biến 'password_change_count'=6.0 (Điểm phạt SHAP: +0.294)"
221456,High,CRITICAL: BLOCK IMMEDIATELY,"[1] Biến 'unique_devices'=2.0 (Điểm phạt SHAP: +8.016) || [2] Biến 'total_trans_amount'=57,795,000 VND (Điểm phạt SHAP: +3.934) || [3] Biến 'password_change_count'=2.0 (Điểm phạt SHAP: +0.334)"
680636,High,CRITICAL: BLOCK IMMEDIATELY,"[1] Biến 'unique_devices'=2.0 (Điểm phạt SHAP: +8.092) || [2] Biến 'total_trans_amount'=7,849,100 VND (Điểm phạt SHAP: +3.871) || [3] Biến 'password_change_count'=1.0 (Điểm phạt SHAP: +0.334)"
313850,High,CRITICAL: BLOCK IMMEDIATELY,"[1] Biến 'unique_devices'=2.0 (Điểm phạt SHAP: +8.200) || [2] Biến 'total_trans_amount'=21,020,000 VND (Điểm phạt SHAP: +3.866) || [3] Biến 'password_change_count'=1.0 (Điểm phạt SHAP: +0.334)"
361898,High,CRITICAL: BLOCK IMMEDIATELY,"[1] Biến 'unique_devices'=2.0 (Điểm phạt SHAP: +8.113) || [2] Biến 'total_trans_amount'=8,591,300 VND (Điểm phạt SHAP: +3.873) || [3] Biến 'password_change_count'=3.0 (Điểm phạt SHAP: +0.345)"
16940,High,CRITICAL: BLOCK IMMEDIATELY,"[1] Biến 'unique_devices'=2.0 (Điểm phạt SHAP: +7.765) || [2] Biến 'total_trans_amount'=280,244,066 VND (Điểm phạt SHAP: +3.959) || [3] Biến 'password_change_count'=1.0 (Điểm phạt SHAP: +0.324)"
784390,High,CRITICAL: BLOCK IMMEDIATELY,"[1] Biến 'unique_devices'=3.0 (Điểm phạt SHAP: +7.948) || [2] Biến 'total_trans_amount'=55,164,000 VND (Điểm phạt SHAP: +3.996) || [3] Biến 'password_change_count'=3.0 (Điểm phạt SHAP: +0.345)"
64990,High,CRITICAL: BLOCK IMMEDIATELY,"[1] Biến 'unique_devices'=2.0 (Điểm phạt SHAP: +7.899) || [2] Biến 'total_trans_amount'=70,666,000 VND (Điểm phạt SHAP: +3.990) || [3] Biến 'password_change_count'=4.0 (Điểm phạt SHAP: +0.317)"
534025,High,CRITICAL: BLOCK IMMEDIATELY,"[1] Biến 'unique_devices'=2.0 (Điểm phạt SHAP: +7.204) || [2] Biến 'total_trans_amount'=764,777,500 VND (Điểm phạt SHAP: +4.101) || [3] Biến 'burst_max'=12.0 (Điểm phạt SHAP: +0.498)"
925354,High,CRITICAL: BLOCK IMMEDIATELY,"[1] Biến 'unique_devices'=2.0 (Điểm phạt SHAP: +8.129) || [2] Biến 'total_trans_amount'=19,370,707 VND (Điểm phạt SHAP: +3.882) || [3] Biến 'password_change_count'=2.0 (Điểm phạt SHAP: +0.334)"
904618,High,CRITICAL: BLOCK IMMEDIATELY,"[1] Biến 'unique_devices'=3.0 (Điểm phạt SHAP: +7.255) || [2] Biến 'total_trans_amount'=73,291,000 VND (Điểm phạt SHAP: +4.052) || [3] Biến 'burst_max'=12.0 (Điểm phạt SHAP: +0.500)"
712143,High,CRITICAL: BLOCK IMMEDIATELY,"[1] Biến 'unique_devices'=4.0 (Điểm phạt SHAP: +7.845) || [2] Biến 'total_trans_amount'=59,762,100 VND (Điểm phạt SHAP: +3.988) || [3] Biến 'password_change_count'=1.0 (Điểm phạt SHAP: +0.334)"
129983,High,CRITICAL: BLOCK IMMEDIATELY,"[1] Biến 'unique_devices'=2.0 (Điểm phạt SHAP: +8.022) || [2] Biến 'total_trans_amount'=11,840,000 VND (Điểm phạt SHAP: +3.894) || [3] Biến 'password_change_count'=1.0 (Điểm phạt SHAP: +0.334)"
877063,High,CRITICAL: BLOCK IMMEDIATELY,"[1] Biến 'unique_devices'=2.0 (Điểm phạt SHAP: +7.979) || [2] Biến 'total_trans_amount'=1,893,000 VND (Điểm phạt SHAP: +3.884) || [3] Biến 'password_change_count'=1.0 (Điểm phạt SHAP: +0.334)"
540587,High,CRITICAL: BLOCK IMMEDIATELY,"[1] Biến 'unique_devices'=2.0 (Điểm phạt SHAP: +7.653) || [2] Biến 'total_trans_amount'=30,796,000 VND (Điểm phạt SHAP: +3.916) || [3] Biến 'password_change_count'=1.0 (Điểm phạt SHAP: +0.334)"
526764,High,CRITICAL: BLOCK IMMEDIATELY,"[1] Biến 'unique_devices'=2.0 (Điểm phạt SHAP: +7.934) || [2] Biến 'total_trans_amount'=51,682,000 VND (Điểm phạt SHAP: +3.956) || [3] Biến 'password_change_count'=1.0 (Điểm phạt SHAP: +0.333)"
22072,High,CRITICAL: BLOCK IMMEDIATELY,"[1] Biến 'unique_devices'=4.0 (Điểm phạt SHAP: +7.628) || [2] Biến 'total_trans_amount'=227,042,483 VND (Điểm phạt SHAP: +4.056) || [3] Biến 'password_change_count'=2.0 (Điểm phạt SHAP: +0.302)"
14871,High,CRITICAL: BLOCK IMMEDIATELY,"[1] Biến 'unique_devices'=3.0 (Điểm phạt SHAP: +6.534) || [2] Biến 'total_trans_amount'=3,675,665,228 VND (Điểm phạt SHAP: +4.273) || [3] Biến 'avg_trans_amount'=83,537,846 VND (Điểm phạt SHAP: +0.538)"
659375,High,CRITICAL: BLOCK IMMEDIATELY,"[1] Biến 'unique_devices'=2.0 (Điểm phạt SHAP: +8.013) || [2] Biến 'total_trans_amount'=127,096,000 VND (Điểm phạt SHAP: +3.967) || [3] Biến 'password_change_count'=1.0 (Điểm phạt SHAP: +0.334)"
29893,High,CRITICAL: BLOCK IMMEDIATELY,"[1] Biến 'unique_devices'=2.0 (Điểm phạt SHAP: +7.654) || [2] Biến 'total_trans_amount'=141,426,690 VND (Điểm phạt SHAP: +4.101) || [3] Biến 'password_change_count'=1.0 (Điểm phạt SHAP: +0.303)"
347114,High,CRITICAL: BLOCK IMMEDIATELY,"[1] Biến 'unique_devices'=3.0 (Điểm phạt SHAP: +8.263) || [2] Biến 'total_trans_amount'=362,386,671 VND (Điểm phạt SHAP: +3.892) || [3] Biến 'password_change_count'=1.0 (Điểm phạt SHAP: +0.324)"
515363,High,CRITICAL: BLOCK IMMEDIATELY,"[1] Biến 'unique_devices'=2.0 (Điểm phạt SHAP: +7.716) || [2] Biến 'total_trans_amount'=26,860,000 VND (Điểm phạt SHAP: +3.978) || [3] Biến 'password_change_count'=1.0 (Điểm phạt SHAP: +0.334)"
922145,High,CRITICAL: BLOCK IMMEDIATELY,"[1] Biến 'unique_devices'=4.0 (Điểm phạt SHAP: +7.480) || [2] Biến 'total_trans_amount'=101,172,643 VND (Điểm phạt SHAP: +4.110) || [3] Biến 'password_change_count'=1.0 (Điểm phạt SHAP: +0.313)"
340566,High,CRITICAL: BLOCK IMMEDIATELY,"[1] Biến 'unique_devices'=3.0 (Điểm phạt SHAP: +7.855) || [2] Biến 'total_trans_amount'=229,769,477 VND (Điểm phạt SHAP: +3.942) || [3] Biến 'password_change_count'=1.0 (Điểm phạt SHAP: +0.314)"
912348,High,CRITICAL: BLOCK IMMEDIATELY,"[1] Biến 'unique_devices'=2.0 (Điểm phạt SHAP: +8.073) || [2] Biến 'total_trans_amount'=27,120,000 VND (Điểm phạt SHAP: +3.875) || [3] Biến 'password_change_count'=1.0 (Điểm phạt SHAP: +0.334)"
568778,High,CRITICAL: BLOCK IMMEDIATELY,"[1] Biến 'unique_devices'=4.0 (Điểm phạt SHAP: +7.946) || [2] Biến 'total_trans_amount'=396,762,801 VND (Điểm phạt SHAP: +3.964) || [3] Biến 'password_change_count'=1.0 (Điểm phạt SHAP: +0.323)"
121579,High,CRITICAL: BLOCK IMMEDIATELY,"[1] Biến 'unique_devices'=2.0 (Điểm phạt SHAP: +8.004) || [2] Biến 'total_trans_amount'=18,110,000 VND (Điểm phạt SHAP: +3.880) || [3] Biến 'password_change_count'=2.0 (Điểm phạt SHAP: +0.334)"
546951,High,CRITICAL: BLOCK IMMEDIATELY,"[1] Biến 'unique_devices'=2.0 (Điểm phạt SHAP: +7.836) || [2] Biến 'total_trans_amount'=2,400,000 VND (Điểm phạt SHAP: +3.937) || [3] Biến 'password_change_count'=1.0 (Điểm phạt SHAP: +0.334)"
308302,High,CRITICAL: BLOCK IMMEDIATELY,"[1] Biến 'unique_devices'=2.0 (Điểm phạt SHAP: +8.025) || [2] Biến 'total_trans_amount'=182,666,000 VND (Điểm phạt SHAP: +3.932) || [3] Biến 'password_change_count'=1.0 (Điểm phạt SHAP: +0.335)"
230235,High,CRITICAL: BLOCK IMMEDIATELY,"[1] Biến 'unique_devices'=2.0 (Điểm phạt SHAP: +7.800) || [2] Biến 'total_trans_amount'=17,421,800 VND (Điểm phạt SHAP: +3.968) || [3] Biến 'password_change_count'=1.0 (Điểm phạt SHAP: +0.334)"
650568,High,CRITICAL: BLOCK IMMEDIATELY,"[1] Biến 'unique_devices'=2.0 (Điểm phạt SHAP: +7.204) || [2] Biến 'total_trans_amount'=164,104,942 VND (Điểm phạt SHAP: +4.119) || [3] Biến 'password_change_count'=3.0 (Điểm phạt SHAP: +0.309)"
142854,High,CRITICAL: BLOCK IMMEDIATELY,"[1] Biến 'unique_devices'=2.0 (Điểm phạt SHAP: +8.081) || [2] Biến 'total_trans_amount'=16,700,000 VND (Điểm phạt SHAP: +3.922) || [3] Biến 'password_change_count'=1.0 (Điểm phạt SHAP: +0.335)"
423817,High,CRITICAL: BLOCK IMMEDIATELY,"[1] Biến 'unique_devices'=3.0 (Điểm phạt SHAP: +7.598) || [2] Biến 'total_trans_amount'=371,310,000 VND (Điểm phạt SHAP: +4.108) || [3] Biến 'password_change_count'=2.0 (Điểm phạt SHAP: +0.303)"
635363,High,CRITICAL: BLOCK IMMEDIATELY,"[1] Biến 'unique_devices'=4.0 (Điểm phạt SHAP: +8.086) || [2] Biến 'total_trans_amount'=58,857,000 VND (Điểm phạt SHAP: +3.991) || [3] Biến 'password_change_count'=1.0 (Điểm phạt SHAP: +0.334)"
680157,High,CRITICAL: BLOCK IMMEDIATELY,"[1] Biến 'unique_devices'=4.0 (Điểm phạt SHAP: +7.910) || [2] Biến 'total_trans_amount'=90,263,999 VND (Điểm phạt SHAP: +4.008) || [3] Biến 'password_change_count'=2.0 (Điểm phạt SHAP: +0.334)"
401356,High,CRITICAL: BLOCK IMMEDIATELY,"[1] Biến 'unique_devices'=12.0 (Điểm phạt SHAP: +6.506) || [2] Biến 'total_trans_amount'=2,946,544,300 VND (Điểm phạt SHAP: +4.296) || [3] Biến 'burst_max'=7.0 (Điểm phạt SHAP: +0.396)"
226147,High,CRITICAL: BLOCK IMMEDIATELY,"[1] Biến 'unique_devices'=3.0 (Điểm phạt SHAP: +6.670) || [2] Biến 'total_trans_amount'=2,367,223,000 VND (Điểm phạt SHAP: +4.257) || [3] Biến 'avg_trans_amount'=19,403,467 VND (Điểm phạt SHAP: +0.464)"
855619,High,CRITICAL: BLOCK IMMEDIATELY,"[1] Biến 'unique_devices'=2.0 (Điểm phạt SHAP: +8.189) || [2] Biến 'total_trans_amount'=20,735,749 VND (Điểm phạt SHAP: +3.876) || [3] Biến 'password_change_count'=3.0 (Điểm phạt SHAP: +0.345)"
268957,High,CRITICAL: BLOCK IMMEDIATELY,"[1] Biến 'unique_devices'=3.0 (Điểm phạt SHAP: +6.614) || [2] Biến 'total_trans_amount'=2,696,324,000 VND (Điểm phạt SHAP: +4.276) || [3] Biến 'avg_trans_amount'=27,513,510 VND (Điểm phạt SHAP: +0.489)"
359095,High,CRITICAL: BLOCK IMMEDIATELY,"[1] Biến 'unique_devices'=3.0 (Điểm phạt SHAP: +7.608) || [2] Biến 'total_trans_amount'=370,808,698 VND (Điểm phạt SHAP: +4.031) || [3] Biến 'password_change_count'=1.0 (Điểm phạt SHAP: +0.330)"
755384,High,CRITICAL: BLOCK IMMEDIATELY,"[1] Biến 'unique_devices'=2.0 (Điểm phạt SHAP: +7.872) || [2] Biến 'total_trans_amount'=377,507,000 VND (Điểm phạt SHAP: +4.008) || [3] Biến 'password_change_count'=1.0 (Điểm phạt SHAP: +0.324)"
78251,High,CRITICAL: BLOCK IMMEDIATELY,"[1] Biến 'unique_devices'=3.0 (Điểm phạt SHAP: +7.758) || [2] Biến 'total_trans_amount'=123,939,000 VND (Điểm phạt SHAP: +4.018) || [3] Biến 'password_change_count'=1.0 (Điểm phạt SHAP: +0.323)"
12037,High,CRITICAL: BLOCK IMMEDIATELY,"[1] Biến 'unique_devices'=4.0 (Điểm phạt SHAP: +7.922) || [2] Biến 'total_trans_amount'=32,436,257 VND (Điểm phạt SHAP: +3.945) || [3] Biến 'password_change_count'=2.0 (Điểm phạt SHAP: +0.334)"
342662,High,CRITICAL: BLOCK IMMEDIATELY,"[1] Biến 'unique_devices'=2.0 (Điểm phạt SHAP: +8.061) || [2] Biến 'total_trans_amount'=48,905,000 VND (Điểm phạt SHAP: +3.931) || [3] Biến 'password_change_count'=1.0 (Điểm phạt SHAP: +0.326)"
761515,High,CRITICAL: BLOCK IMMEDIATELY,"[1] Biến 'unique_devices'=5.0 (Điểm phạt SHAP: +6.813) || [2] Biến 'total_trans_amount'=20,590,082,879 VND (Điểm phạt SHAP: +4.257) || [3] Biến 'avg_trans_amount'=103,990,318 VND (Điểm phạt SHAP: +0.453)"
272721,High,CRITICAL: BLOCK IMMEDIATELY,"[1] Biến 'unique_devices'=4.0 (Điểm phạt SHAP: +7.806) || [2] Biến 'total_trans_amount'=771,679,000 VND (Điểm phạt SHAP: +4.073) || [3] Biến 'password_change_count'=1.0 (Điểm phạt SHAP: +0.333)"
147108,High,CRITICAL: BLOCK IMMEDIATELY,"[1] Biến 'unique_devices'=4.0 (Điểm phạt SHAP: +7.532) || [2] Biến 'total_trans_amount'=57,017,807 VND (Điểm phạt SHAP: +4.038) || [3] Biến 'password_change_count'=2.0 (Điểm phạt SHAP: +0.313)"
162937,High,CRITICAL: BLOCK IMMEDIATELY,"[1] Biến 'unique_devices'=3.0 (Điểm phạt SHAP: +8.249) || [2] Biến 'total_trans_amount'=77,868,000 VND (Điểm phạt SHAP: +3.923) || [3] Biến 'password_change_count'=4.0 (Điểm phạt SHAP: +0.328)"
441876,High,CRITICAL: BLOCK IMMEDIATELY,"[1] Biến 'unique_devices'=5.0 (Điểm phạt SHAP: +7.322) || [2] Biến 'total_trans_amount'=128,490,858 VND (Điểm phạt SHAP: +4.098) || [3] Biến 'password_change_count'=10.0 (Điểm phạt SHAP: +0.294)"
989337,High,CRITICAL: BLOCK IMMEDIATELY,"[1] Biến 'unique_devices'=2.0 (Điểm phạt SHAP: +7.723) || [2] Biến 'total_trans_amount'=71,825,000 VND (Điểm phạt SHAP: +3.958) || [3] Biến 'password_change_count'=1.0 (Điểm phạt SHAP: +0.334)"
391185,Critical,CRITICAL: BLOCK IMMEDIATELY,"[1] Biến 'total_trans_amount'=13,633,841,000 VND (Điểm phạt SHAP: +4.547) || [2] Biến 'unique_devices'=4.0 (Điểm phạt SHAP: +4.424) || [3] Biến 'avg_trans_amount'=64,615,360 VND (Điểm phạt SHAP: +0.778)"
558197,High,CRITICAL: BLOCK IMMEDIATELY,"[1] Biến 'unique_devices'=2.0 (Điểm phạt SHAP: +7.567) || [2] Biến 'total_trans_amount'=15,750,000 VND (Điểm phạt SHAP: +4.044) || [3] Biến 'password_change_count'=3.0 (Điểm phạt SHAP: +0.319)"
854340,High,CRITICAL: BLOCK IMMEDIATELY,"[1] Biến 'unique_devices'=3.0 (Điểm phạt SHAP: +8.133) || [2] Biến 'total_trans_amount'=16,340,000 VND (Điểm phạt SHAP: +3.871) || [3] Biến 'password_change_count'=2.0 (Điểm phạt SHAP: +0.335)"
110037,High,CRITICAL: BLOCK IMMEDIATELY,"[1] Biến 'unique_devices'=2.0 (Điểm phạt SHAP: +7.112) || [2] Biến 'total_trans_amount'=829,854,939 VND (Điểm phạt SHAP: +4.212) || [3] Biến 'password_change_count'=2.0 (Điểm phạt SHAP: +0.295)"
82536,High,CRITICAL: BLOCK IMMEDIATELY,"[1] Biến 'unique_devices'=2.0 (Điểm phạt SHAP: +8.049) || [2] Biến 'total_trans_amount'=176,233,900 VND (Điểm phạt SHAP: +3.929) || [3] Biến 'password_change_count'=1.0 (Điểm phạt SHAP: +0.327)"
29729,High,CRITICAL: BLOCK IMMEDIATELY,"[1] Biến 'unique_devices'=3.0 (Điểm phạt SHAP: +7.726) || [2] Biến 'total_trans_amount'=588,975,279 VND (Điểm phạt SHAP: +4.082) || [3] Biến 'password_change_count'=1.0 (Điểm phạt SHAP: +0.333)"
70928,High,CRITICAL: BLOCK IMMEDIATELY,"[1] Biến 'unique_devices'=2.0 (Điểm phạt SHAP: +8.210) || [2] Biến 'total_trans_amount'=33,050,000 VND (Điểm phạt SHAP: +3.860) || [3] Biến 'password_change_count'=2.0 (Điểm phạt SHAP: +0.335)"
298658,High,CRITICAL: BLOCK IMMEDIATELY,"[1] Biến 'unique_devices'=3.0 (Điểm phạt SHAP: +8.038) || [2] Biến 'total_trans_amount'=33,897,000 VND (Điểm phạt SHAP: +3.906) || [3] Biến 'password_change_count'=3.0 (Điểm phạt SHAP: +0.345)"
450078,High,CRITICAL: BLOCK IMMEDIATELY,"[1] Biến 'unique_devices'=2.0 (Điểm phạt SHAP: +7.752) || [2] Biến 'total_trans_amount'=17,760,000 VND (Điểm phạt SHAP: +3.975) || [3] Biến 'password_change_count'=2.0 (Điểm phạt SHAP: +0.336)"
599335,High,CRITICAL: BLOCK IMMEDIATELY,"[1] Biến 'unique_devices'=5.0 (Điểm phạt SHAP: +6.690) || [2] Biến 'total_trans_amount'=2,887,313,605 VND (Điểm phạt SHAP: +4.286) || [3] Biến 'burst_max'=7.0 (Điểm phạt SHAP: +0.396)"
129579,High,CRITICAL: BLOCK IMMEDIATELY,"[1] Biến 'unique_devices'=2.0 (Điểm phạt SHAP: +7.814) || [2] Biến 'total_trans_amount'=885,000 VND (Điểm phạt SHAP: +3.335) || [3] Biến 'password_change_count'=2.0 (Điểm phạt SHAP: +0.297)"
372989,High,CRITICAL: BLOCK IMMEDIATELY,"[1] Biến 'unique_devices'=3.0 (Điểm phạt SHAP: +8.045) || [2] Biến 'total_trans_amount'=426,521,468 VND (Điểm phạt SHAP: +4.047) || [3] Biến 'password_change_count'=1.0 (Điểm phạt SHAP: +0.323)"
479774,High,CRITICAL: BLOCK IMMEDIATELY,"[1] Biến 'unique_devices'=2.0 (Điểm phạt SHAP: +7.930) || [2] Biến 'total_trans_amount'=83,395,001 VND (Điểm phạt SHAP: +4.000) || [3] Biến 'password_change_count'=1.0 (Điểm phạt SHAP: +0.334)"
903380,High,CRITICAL: BLOCK IMMEDIATELY,"[1] Biến 'unique_devices'=2.0 (Điểm phạt SHAP: +8.214) || [2] Biến 'total_trans_amount'=64,856,621 VND (Điểm phạt SHAP: +3.928) || [3] Biến 'password_change_count'=2.0 (Điểm phạt SHAP: +0.324)"
438592,High,CRITICAL: BLOCK IMMEDIATELY,"[1] Biến 'unique_devices'=2.0 (Điểm phạt SHAP: +8.244) || [2] Biến 'total_trans_amount'=252,445,876 VND (Điểm phạt SHAP: +3.890) || [3] Biến 'password_change_count'=2.0 (Điểm phạt SHAP: +0.324)"
210276,High,CRITICAL: BLOCK IMMEDIATELY,"[1] Biến 'unique_devices'=6.0 (Điểm phạt SHAP: +7.916) || [2] Biến 'total_trans_amount'=33,326,000 VND (Điểm phạt SHAP: +3.962) || [3] Biến 'password_change_count'=3.0 (Điểm phạt SHAP: +0.345)"
733894,High,CRITICAL: BLOCK IMMEDIATELY,"[1] Biến 'unique_devices'=2.0 (Điểm phạt SHAP: +8.027) || [2] Biến 'total_trans_amount'=37,806,800 VND (Điểm phạt SHAP: +3.885) || [3] Biến 'password_change_count'=2.0 (Điểm phạt SHAP: +0.335)"
162554,High,CRITICAL: BLOCK IMMEDIATELY,"[1] Biến 'unique_devices'=2.0 (Điểm phạt SHAP: +7.976) || [2] Biến 'total_trans_amount'=248,242,136 VND (Điểm phạt SHAP: +3.984) || [3] Biến 'password_change_count'=1.0 (Điểm phạt SHAP: +0.332)"
282344,High,CRITICAL: BLOCK IMMEDIATELY,"[1] Biến 'unique_devices'=2.0 (Điểm phạt SHAP: +7.301) || [2] Biến 'total_trans_amount'=442,479,400 VND (Điểm phạt SHAP: +4.189) || [3] Biến 'password_change_count'=2.0 (Điểm phạt SHAP: +0.302)"
603744,High,CRITICAL: BLOCK IMMEDIATELY,"[1] Biến 'unique_devices'=2.0 (Điểm phạt SHAP: +7.717) || [2] Biến 'total_trans_amount'=527,735,000 VND (Điểm phạt SHAP: +4.075) || [3] Biến 'password_change_count'=1.0 (Điểm phạt SHAP: +0.333)"
308722,High,CRITICAL: BLOCK IMMEDIATELY,"[1] Biến 'unique_devices'=2.0 (Điểm phạt SHAP: +6.819) || [2] Biến 'total_trans_amount'=102,059,450 VND (Điểm phạt SHAP: +4.167) || [3] Biến 'password_change_count'=2.0 (Điểm phạt SHAP: +0.313)"
86697,High,CRITICAL: BLOCK IMMEDIATELY,"[1] Biến 'unique_devices'=3.0 (Điểm phạt SHAP: +7.919) || [2] Biến 'total_trans_amount'=1,294,000 VND (Điểm phạt SHAP: +3.704) || [3] Biến 'password_change_count'=2.0 (Điểm phạt SHAP: +0.319)"
695441,High,CRITICAL: BLOCK IMMEDIATELY,"[1] Biến 'unique_devices'=2.0 (Điểm phạt SHAP: +7.281) || [2] Biến 'total_trans_amount'=40,885,450 VND (Điểm phạt SHAP: +4.077) || [3] Biến 'burst_max'=9.0 (Điểm phạt SHAP: +0.499)"
569816,High,CRITICAL: BLOCK IMMEDIATELY,"[1] Biến 'unique_devices'=2.0 (Điểm phạt SHAP: +8.086) || [2] Biến 'total_trans_amount'=2,076,000 VND (Điểm phạt SHAP: +3.888) || [3] Biến 'password_change_count'=1.0 (Điểm phạt SHAP: +0.334)"
219225,High,CRITICAL: BLOCK IMMEDIATELY,"[1] Biến 'unique_devices'=2.0 (Điểm phạt SHAP: +6.838) || [2] Biến 'total_trans_amount'=39,950,000 VND (Điểm phạt SHAP: +4.164) || [3] Biến 'avg_trans_amount'=19,975,000 VND (Điểm phạt SHAP: +0.507)"
607448,High,CRITICAL: BLOCK IMMEDIATELY,"[1] Biến 'unique_devices'=2.0 (Điểm phạt SHAP: +7.686) || [2] Biến 'total_trans_amount'=4,198,000 VND (Điểm phạt SHAP: +3.959) || [3] Biến 'password_change_count'=1.0 (Điểm phạt SHAP: +0.303)"
483238,High,CRITICAL: BLOCK IMMEDIATELY,"[1] Biến 'unique_devices'=6.0 (Điểm phạt SHAP: +6.885) || [2] Biến 'total_trans_amount'=5,561,201,000 VND (Điểm phạt SHAP: +4.275) || [3] Biến 'avg_trans_amount'=15,577,594 VND (Điểm phạt SHAP: +0.375)"
678226,High,CRITICAL: BLOCK IMMEDIATELY,"[1] Biến 'unique_devices'=5.0 (Điểm phạt SHAP: +7.942) || [2] Biến 'total_trans_amount'=8,226,000 VND (Điểm phạt SHAP: +3.944) || [3] Biến 'password_change_count'=7.0 (Điểm phạt SHAP: +0.319)"
149139,High,CRITICAL: BLOCK IMMEDIATELY,"[1] Biến 'unique_devices'=2.0 (Điểm phạt SHAP: +8.034) || [2] Biến 'total_trans_amount'=14,530,000 VND (Điểm phạt SHAP: +3.884) || [3] Biến 'password_change_count'=1.0 (Điểm phạt SHAP: +0.335)"
872673,High,CRITICAL: BLOCK IMMEDIATELY,"[1] Biến 'unique_devices'=3.0 (Điểm phạt SHAP: +6.924) || [2] Biến 'total_trans_amount'=1,621,585,000 VND (Điểm phạt SHAP: +4.186) || [3] Biến 'avg_trans_amount'=50,674,531 VND (Điểm phạt SHAP: +0.485)"
821967,High,CRITICAL: BLOCK IMMEDIATELY,"[1] Biến 'unique_devices'=2.0 (Điểm phạt SHAP: +7.025) || [2] Biến 'total_trans_amount'=36,186,600 VND (Điểm phạt SHAP: +4.079) || [3] Biến 'avg_trans_amount'=18,093,300 VND (Điểm phạt SHAP: +0.523)"
95673,High,CRITICAL: BLOCK IMMEDIATELY,"[1] Biến 'unique_devices'=2.0 (Điểm phạt SHAP: +7.760) || [2] Biến 'total_trans_amount'=85,488,000 VND (Điểm phạt SHAP: +3.942) || [3] Biến 'password_change_count'=2.0 (Điểm phạt SHAP: +0.335)"
207335,High,CRITICAL: BLOCK IMMEDIATELY,"[1] Biến 'unique_devices'=2.0 (Điểm phạt SHAP: +8.021) || [2] Biến 'total_trans_amount'=32,680,000 VND (Điểm phạt SHAP: +3.955) || [3] Biến 'password_change_count'=1.0 (Điểm phạt SHAP: +0.334)"
341953,High,CRITICAL: BLOCK IMMEDIATELY,"[1] Biến 'unique_devices'=6.0 (Điểm phạt SHAP: +6.983) || [2] Biến 'total_trans_amount'=3,911,910,309 VND (Điểm phạt SHAP: +4.245) || [3] Biến 'avg_trans_amount'=23,708,547 VND (Điểm phạt SHAP: +0.467)"
249921,Critical,CRITICAL: BLOCK IMMEDIATELY,"[1] Biến 'unique_devices'=2.0 (Điểm phạt SHAP: +4.921) || [2] Biến 'total_trans_amount'=293,602,372 VND (Điểm phạt SHAP: +4.443) || [3] Biến 'avg_trans_amount'=22,584,798 VND (Điểm phạt SHAP: +0.877)"
954265,High,CRITICAL: BLOCK IMMEDIATELY,"[1] Biến 'unique_devices'=2.0 (Điểm phạt SHAP: +7.412) || [2] Biến 'total_trans_amount'=34,398,212 VND (Điểm phạt SHAP: +4.036) || [3] Biến 'password_change_count'=3.0 (Điểm phạt SHAP: +0.320)"
435128,Critical,CRITICAL: BLOCK IMMEDIATELY,"[1] Biến 'total_trans_amount'=8,193,418,700 VND (Điểm phạt SHAP: +4.545) || [2] Biến 'unique_devices'=3.0 (Điểm phạt SHAP: +4.450) || [3] Biến 'avg_trans_amount'=128,022,167 VND (Điểm phạt SHAP: +0.782)"
651448,High,CRITICAL: BLOCK IMMEDIATELY,"[1] Biến 'unique_devices'=3.0 (Điểm phạt SHAP: +7.435) || [2] Biến 'total_trans_amount'=107,392,797 VND (Điểm phạt SHAP: +4.041) || [3] Biến 'password_change_count'=2.0 (Điểm phạt SHAP: +0.313)"
198461,Critical,CRITICAL: BLOCK IMMEDIATELY,"[1] Biến 'unique_devices'=2.0 (Điểm phạt SHAP: +4.658) || [2] Biến 'total_trans_amount'=2,207,572,346 VND (Điểm phạt SHAP: +4.470) || [3] Biến 'avg_trans_amount'=45,052,497 VND (Điểm phạt SHAP: +0.816)"
934774,High,CRITICAL: BLOCK IMMEDIATELY,"[1] Biến 'unique_devices'=2.0 (Điểm phạt SHAP: +7.457) || [2] Biến 'total_trans_amount'=200,458,000 VND (Điểm phạt SHAP: +4.103) || [3] Biến 'password_change_count'=5.0 (Điểm phạt SHAP: +0.291)"
203319,High,CRITICAL: BLOCK IMMEDIATELY,"[1] Biến 'unique_devices'=2.0 (Điểm phạt SHAP: +7.528) || [2] Biến 'total_trans_amount'=1,280,000 VND (Điểm phạt SHAP: +3.802) || [3] Biến 'password_change_count'=1.0 (Điểm phạt SHAP: +0.299)"
418247,High,CRITICAL: BLOCK IMMEDIATELY,"[1] Biến 'unique_devices'=3.0 (Điểm phạt SHAP: +7.468) || [2] Biến 'total_trans_amount'=456,346,025 VND (Điểm phạt SHAP: +4.176) || [3] Biến 'password_change_count'=2.0 (Điểm phạt SHAP: +0.303)"
171797,High,CRITICAL: BLOCK IMMEDIATELY,"[1] Biến 'unique_devices'=3.0 (Điểm phạt SHAP: +8.008) || [2] Biến 'total_trans_amount'=146,437,379 VND (Điểm phạt SHAP: +3.971) || [3] Biến 'password_change_count'=1.0 (Điểm phạt SHAP: +0.333)"
185876,High,CRITICAL: BLOCK IMMEDIATELY,"[1] Biến 'unique_devices'=2.0 (Điểm phạt SHAP: +7.926) || [2] Biến 'total_trans_amount'=11,255,890 VND (Điểm phạt SHAP: +3.953) || [3] Biến 'password_change_count'=2.0 (Điểm phạt SHAP: +0.334)"
375052,High,CRITICAL: BLOCK IMMEDIATELY,"[1] Biến 'unique_devices'=3.0 (Điểm phạt SHAP: +7.967) || [2] Biến 'total_trans_amount'=39,302,000 VND (Điểm phạt SHAP: +3.893) || [3] Biến 'password_change_count'=1.0 (Điểm phạt SHAP: +0.335)"
397655,High,CRITICAL: BLOCK IMMEDIATELY,"[1] Biến 'unique_devices'=2.0 (Điểm phạt SHAP: +7.970) || [2] Biến 'total_trans_amount'=112,259,417 VND (Điểm phạt SHAP: +4.011) || [3] Biến 'password_change_count'=1.0 (Điểm phạt SHAP: +0.333)"
263839,High,CRITICAL: BLOCK IMMEDIATELY,"[1] Biến 'unique_devices'=4.0 (Điểm phạt SHAP: +7.383) || [2] Biến 'total_trans_amount'=204,930,555 VND (Điểm phạt SHAP: +4.124) || [3] Biến 'password_change_count'=1.0 (Điểm phạt SHAP: +0.313)"
898327,High,CRITICAL: BLOCK IMMEDIATELY,"[1] Biến 'unique_devices'=2.0 (Điểm phạt SHAP: +8.177) || [2] Biến 'total_trans_amount'=39,235,000 VND (Điểm phạt SHAP: +3.937) || [3] Biến 'password_change_count'=2.0 (Điểm phạt SHAP: +0.333)"
886027,High,CRITICAL: BLOCK IMMEDIATELY,"[1] Biến 'unique_devices'=6.0 (Điểm phạt SHAP: +8.106) || [2] Biến 'total_trans_amount'=52,809,691 VND (Điểm phạt SHAP: +3.881) || [3] Biến 'password_change_count'=1.0 (Điểm phạt SHAP: +0.335)"
995447,High,CRITICAL: BLOCK IMMEDIATELY,"[1] Biến 'unique_devices'=2.0 (Điểm phạt SHAP: +7.309) || [2] Biến 'total_trans_amount'=288,499,400 VND (Điểm phạt SHAP: +4.035) || [3] Biến 'password_change_count'=1.0 (Điểm phạt SHAP: +0.296)"
999634,High,CRITICAL: BLOCK IMMEDIATELY,"[1] Biến 'unique_devices'=9.0 (Điểm phạt SHAP: +6.822) || [2] Biến 'total_trans_amount'=213,200,574 VND (Điểm phạt SHAP: +4.196) || [3] Biến 'burst_max'=6.0 (Điểm phạt SHAP: +0.437)"
206433,High,CRITICAL: BLOCK IMMEDIATELY,"[1] Biến 'unique_devices'=11.0 (Điểm phạt SHAP: +7.293) || [2] Biến 'total_trans_amount'=71,710,000 VND (Điểm phạt SHAP: +4.055) || [3] Biến 'burst_max'=7.0 (Điểm phạt SHAP: +0.498)"
322208,High,CRITICAL: BLOCK IMMEDIATELY,"[1] Biến 'unique_devices'=7.0 (Điểm phạt SHAP: +7.902) || [2] Biến 'total_trans_amount'=27,857,500 VND (Điểm phạt SHAP: +3.948) || [3] Biến 'password_change_count'=1.0 (Điểm phạt SHAP: +0.334)"
286087,High,CRITICAL: BLOCK IMMEDIATELY,"[1] Biến 'unique_devices'=2.0 (Điểm phạt SHAP: +8.367) || [2] Biến 'total_trans_amount'=41,874,000 VND (Điểm phạt SHAP: +3.868) || [3] Biến 'password_change_count'=1.0 (Điểm phạt SHAP: +0.333)"
754429,High,CRITICAL: BLOCK IMMEDIATELY,"[1] Biến 'unique_devices'=2.0 (Điểm phạt SHAP: +8.316) || [2] Biến 'total_trans_amount'=25,902,558 VND (Điểm phạt SHAP: +3.858) || [3] Biến 'password_change_count'=3.0 (Điểm phạt SHAP: +0.344)"
743174,High,CRITICAL: BLOCK IMMEDIATELY,"[1] Biến 'unique_devices'=6.0 (Điểm phạt SHAP: +6.888) || [2] Biến 'total_trans_amount'=1,471,047,000 VND (Điểm phạt SHAP: +4.191) || [3] Biến 'avg_trans_amount'=30,646,812 VND (Điểm phạt SHAP: +0.490)"
204059,High,CRITICAL: BLOCK IMMEDIATELY,"[1] Biến 'unique_devices'=5.0 (Điểm phạt SHAP: +7.056) || [2] Biến 'total_trans_amount'=497,977,043 VND (Điểm phạt SHAP: +4.182) || [3] Biến 'password_change_count'=1.0 (Điểm phạt SHAP: +0.295)"
676186,Critical,CRITICAL: BLOCK IMMEDIATELY,"[1] Biến 'unique_devices'=2.0 (Điểm phạt SHAP: +4.661) || [2] Biến 'total_trans_amount'=208,491,390 VND (Điểm phạt SHAP: +4.435) || [3] Biến 'avg_trans_amount'=14,892,242 VND (Điểm phạt SHAP: +0.846)"
510345,High,CRITICAL: BLOCK IMMEDIATELY,"[1] Biến 'unique_devices'=2.0 (Điểm phạt SHAP: +7.490) || [2] Biến 'total_trans_amount'=153,096,583 VND (Điểm phạt SHAP: +4.105) || [3] Biến 'password_change_count'=2.0 (Điểm phạt SHAP: +0.313)"
801465,High,CRITICAL: BLOCK IMMEDIATELY,"[1] Biến 'unique_devices'=2.0 (Điểm phạt SHAP: +7.763) || [2] Biến 'total_trans_amount'=1,378,531 VND (Điểm phạt SHAP: +3.712) || [3] Biến 'password_change_count'=1.0 (Điểm phạt SHAP: +0.319)"
787599,High,CRITICAL: BLOCK IMMEDIATELY,"[1] Biến 'unique_devices'=2.0 (Điểm phạt SHAP: +7.854) || [2] Biến 'total_trans_amount'=58,983,000 VND (Điểm phạt SHAP: +4.004) || [3] Biến 'password_change_count'=2.0 (Điểm phạt SHAP: +0.333)"
110702,High,CRITICAL: BLOCK IMMEDIATELY,"[1] Biến 'unique_devices'=3.0 (Điểm phạt SHAP: +7.506) || [2] Biến 'total_trans_amount'=43,120,000 VND (Điểm phạt SHAP: +3.984) || [3] Biến 'password_change_count'=2.0 (Điểm phạt SHAP: +0.333)"
551893,High,CRITICAL: BLOCK IMMEDIATELY,"[1] Biến 'unique_devices'=2.0 (Điểm phạt SHAP: +8.165) || [2] Biến 'total_trans_amount'=37,420,000 VND (Điểm phạt SHAP: +3.867) || [3] Biến 'password_change_count'=5.0 (Điểm phạt SHAP: +0.319)"
372515,High,CRITICAL: BLOCK IMMEDIATELY,"[1] Biến 'unique_devices'=4.0 (Điểm phạt SHAP: +7.937) || [2] Biến 'total_trans_amount'=14,301,220 VND (Điểm phạt SHAP: +3.950) || [3] Biến 'password_change_count'=2.0 (Điểm phạt SHAP: +0.334)"
380343,High,CRITICAL: BLOCK IMMEDIATELY,"[1] Biến 'unique_devices'=5.0 (Điểm phạt SHAP: +7.411) || [2] Biến 'total_trans_amount'=190,664,122 VND (Điểm phạt SHAP: +4.106) || [3] Biến 'password_change_count'=4.0 (Điểm phạt SHAP: +0.294)"
318470,High,CRITICAL: BLOCK IMMEDIATELY,"[1] Biến 'unique_devices'=2.0 (Điểm phạt SHAP: +8.194) || [2] Biến 'total_trans_amount'=37,641,000 VND (Điểm phạt SHAP: +3.905) || [3] Biến 'password_change_count'=4.0 (Điểm phạt SHAP: +0.322)"
942444,High,CRITICAL: BLOCK IMMEDIATELY,"[1] Biến 'unique_devices'=2.0 (Điểm phạt SHAP: +8.216) || [2] Biến 'total_trans_amount'=15,373,000 VND (Điểm phạt SHAP: +3.862) || [3] Biến 'password_change_count'=3.0 (Điểm phạt SHAP: +0.344)"
730187,High,CRITICAL: BLOCK IMMEDIATELY,"[1] Biến 'unique_devices'=2.0 (Điểm phạt SHAP: +7.941) || [2] Biến 'total_trans_amount'=1,162,900 VND (Điểm phạt SHAP: +3.695) || [3] Biến 'password_change_count'=1.0 (Điểm phạt SHAP: +0.319)"
162457,High,CRITICAL: BLOCK IMMEDIATELY,"[1] Biến 'unique_devices'=2.0 (Điểm phạt SHAP: +7.495) || [2] Biến 'total_trans_amount'=8,333,000 VND (Điểm phạt SHAP: +3.971) || [3] Biến 'burst_max'=6.0 (Điểm phạt SHAP: +0.445)"
909671,High,CRITICAL: BLOCK IMMEDIATELY,"[1] Biến 'unique_devices'=3.0 (Điểm phạt SHAP: +8.246) || [2] Biến 'total_trans_amount'=15,560,700 VND (Điểm phạt SHAP: +3.856) || [3] Biến 'password_change_count'=2.0 (Điểm phạt SHAP: +0.334)"
658442,High,CRITICAL: BLOCK IMMEDIATELY,"[1] Biến 'unique_devices'=3.0 (Điểm phạt SHAP: +7.978) || [2] Biến 'total_trans_amount'=27,730,000 VND (Điểm phạt SHAP: +3.906) || [3] Biến 'password_change_count'=2.0 (Điểm phạt SHAP: +0.334)"
947764,High,CRITICAL: BLOCK IMMEDIATELY,"[1] Biến 'unique_devices'=2.0 (Điểm phạt SHAP: +8.009) || [2] Biến 'total_trans_amount'=79,204,000 VND (Điểm phạt SHAP: +3.939) || [3] Biến 'password_change_count'=3.0 (Điểm phạt SHAP: +0.345)"
516271,High,CRITICAL: BLOCK IMMEDIATELY,"[1] Biến 'unique_devices'=2.0 (Điểm phạt SHAP: +10.064) || [2] Biến 'total_trans_amount'=370,100 VND (Điểm phạt SHAP: +0.614) || [3] Biến 'password_change_count'=4.0 (Điểm phạt SHAP: +0.268)"
33039,Critical,CRITICAL: BLOCK IMMEDIATELY,"[1] Biến 'total_trans_amount'=1,591,252,027 VND (Điểm phạt SHAP: +4.540) || [2] Biến 'unique_devices'=2.0 (Điểm phạt SHAP: +4.525) || [3] Biến 'avg_trans_amount'=19,405,513 VND (Điểm phạt SHAP: +0.795)"
636270,High,CRITICAL: BLOCK IMMEDIATELY,"[1] Biến 'unique_devices'=2.0 (Điểm phạt SHAP: +7.991) || [2] Biến 'total_trans_amount'=22,755,000 VND (Điểm phạt SHAP: +3.881) || [3] Biến 'password_change_count'=1.0 (Điểm phạt SHAP: +0.334)"
243065,High,CRITICAL: BLOCK IMMEDIATELY,"[1] Biến 'unique_devices'=2.0 (Điểm phạt SHAP: +7.255) || [2] Biến 'total_trans_amount'=104,107,000 VND (Điểm phạt SHAP: +4.116) || [3] Biến 'burst_max'=11.0 (Điểm phạt SHAP: +0.502)"
227895,High,CRITICAL: BLOCK IMMEDIATELY,"[1] Biến 'unique_devices'=2.0 (Điểm phạt SHAP: +8.069) || [2] Biến 'total_trans_amount'=126,823,826 VND (Điểm phạt SHAP: +3.942) || [3] Biến 'password_change_count'=1.0 (Điểm phạt SHAP: +0.324)"
582617,High,CRITICAL: BLOCK IMMEDIATELY,"[1] Biến 'unique_devices'=2.0 (Điểm phạt SHAP: +7.537) || [2] Biến 'total_trans_amount'=54,847,800 VND (Điểm phạt SHAP: +4.100) || [3] Biến 'password_change_count'=2.0 (Điểm phạt SHAP: +0.313)"
334120,High,CRITICAL: BLOCK IMMEDIATELY,"[1] Biến 'unique_devices'=3.0 (Điểm phạt SHAP: +7.528) || [2] Biến 'total_trans_amount'=177,261,241 VND (Điểm phạt SHAP: +4.091) || [3] Biến 'password_change_count'=2.0 (Điểm phạt SHAP: +0.312)"
798056,High,CRITICAL: BLOCK IMMEDIATELY,"[1] Biến 'unique_devices'=5.0 (Điểm phạt SHAP: +7.845) || [2] Biến 'total_trans_amount'=459,890,000 VND (Điểm phạt SHAP: +4.003) || [3] Biến 'password_change_count'=1.0 (Điểm phạt SHAP: +0.334)"
405024,High,CRITICAL: BLOCK IMMEDIATELY,"[1] Biến 'unique_devices'=2.0 (Điểm phạt SHAP: +7.714) || [2] Biến 'total_trans_amount'=1,523,272,902 VND (Điểm phạt SHAP: +4.088) || [3] Biến 'password_change_count'=1.0 (Điểm phạt SHAP: +0.333)"
225504,Critical,CRITICAL: BLOCK IMMEDIATELY,"[1] Biến 'unique_devices'=2.0 (Điểm phạt SHAP: +4.854) || [2] Biến 'total_trans_amount'=233,770,000 VND (Điểm phạt SHAP: +4.404) || [3] Biến 'avg_trans_amount'=19,480,833 VND (Điểm phạt SHAP: +0.880)"
114745,High,CRITICAL: BLOCK IMMEDIATELY,"[1] Biến 'unique_devices'=2.0 (Điểm phạt SHAP: +8.096) || [2] Biến 'total_trans_amount'=91,016,723 VND (Điểm phạt SHAP: +3.932) || [3] Biến 'password_change_count'=1.0 (Điểm phạt SHAP: +0.335)"
358603,High,CRITICAL: BLOCK IMMEDIATELY,"[1] Biến 'unique_devices'=2.0 (Điểm phạt SHAP: +8.218) || [2] Biến 'total_trans_amount'=13,107,506 VND (Điểm phạt SHAP: +3.866) || [3] Biến 'password_change_count'=2.0 (Điểm phạt SHAP: +0.334)"
574638,High,CRITICAL: BLOCK IMMEDIATELY,"[1] Biến 'unique_devices'=5.0 (Điểm phạt SHAP: +6.793) || [2] Biến 'total_trans_amount'=3,010,479,000 VND (Điểm phạt SHAP: +4.262) || [3] Biến 'burst_max'=9.0 (Điểm phạt SHAP: +0.396)"
37465,High,CRITICAL: BLOCK IMMEDIATELY,"[1] Biến 'unique_devices'=2.0 (Điểm phạt SHAP: +8.003) || [2] Biến 'total_trans_amount'=55,001,828 VND (Điểm phạt SHAP: +3.995) || [3] Biến 'password_change_count'=1.0 (Điểm phạt SHAP: +0.334)"
275528,High,CRITICAL: BLOCK IMMEDIATELY,"[1] Biến 'unique_devices'=3.0 (Điểm phạt SHAP: +7.366) || [2] Biến 'total_trans_amount'=64,467,000 VND (Điểm phạt SHAP: +4.095) || [3] Biến 'burst_max'=6.0 (Điểm phạt SHAP: +0.439)"
973708,High,CRITICAL: BLOCK IMMEDIATELY,"[1] Biến 'unique_devices'=4.0 (Điểm phạt SHAP: +6.610) || [2] Biến 'total_trans_amount'=2,609,622,000 VND (Điểm phạt SHAP: +4.292) || [3] Biến 'burst_max'=7.0 (Điểm phạt SHAP: +0.396)"
385705,High,CRITICAL: BLOCK IMMEDIATELY,"[1] Biến 'unique_devices'=3.0 (Điểm phạt SHAP: +7.639) || [2] Biến 'total_trans_amount'=79,862,671 VND (Điểm phạt SHAP: +4.096) || [3] Biến 'password_change_count'=2.0 (Điểm phạt SHAP: +0.303)"
292989,High,CRITICAL: BLOCK IMMEDIATELY,"[1] Biến 'unique_devices'=3.0 (Điểm phạt SHAP: +7.799) || [2] Biến 'total_trans_amount'=217,425,000 VND (Điểm phạt SHAP: +3.979) || [3] Biến 'password_change_count'=4.0 (Điểm phạt SHAP: +0.319)"
300172,High,CRITICAL: BLOCK IMMEDIATELY,"[1] Biến 'unique_devices'=2.0 (Điểm phạt SHAP: +8.001) || [2] Biến 'total_trans_amount'=11,052,200 VND (Điểm phạt SHAP: +3.884) || [3] Biến 'password_change_count'=3.0 (Điểm phạt SHAP: +0.345)"
597016,High,CRITICAL: BLOCK IMMEDIATELY,"[1] Biến 'unique_devices'=3.0 (Điểm phạt SHAP: +7.792) || [2] Biến 'total_trans_amount'=1,071,685,289 VND (Điểm phạt SHAP: +4.074) || [3] Biến 'password_change_count'=2.0 (Điểm phạt SHAP: +0.334)"
12612,Critical,CRITICAL: BLOCK IMMEDIATELY,"[1] Biến 'total_trans_amount'=79,155,949 VND (Điểm phạt SHAP: +4.572) || [2] Biến 'unique_devices'=2.0 (Điểm phạt SHAP: +4.489) || [3] Biến 'avg_trans_amount'=39,577,974 VND (Điểm phạt SHAP: +0.803)"
203729,High,CRITICAL: BLOCK IMMEDIATELY,"[1] Biến 'unique_devices'=4.0 (Điểm phạt SHAP: +6.791) || [2] Biến 'total_trans_amount'=4,363,330,001 VND (Điểm phạt SHAP: +4.254) || [3] Biến 'avg_trans_amount'=29,088,867 VND (Điểm phạt SHAP: +0.468)"
998682,High,CRITICAL: BLOCK IMMEDIATELY,"[1] Biến 'unique_devices'=2.0 (Điểm phạt SHAP: +8.107) || [2] Biến 'total_trans_amount'=27,235,000 VND (Điểm phạt SHAP: +3.872) || [3] Biến 'password_change_count'=1.0 (Điểm phạt SHAP: +0.335)"
148674,High,CRITICAL: BLOCK IMMEDIATELY,"[1] Biến 'unique_devices'=3.0 (Điểm phạt SHAP: +7.266) || [2] Biến 'total_trans_amount'=96,912,000 VND (Điểm phạt SHAP: +4.049) || [3] Biến 'burst_max'=7.0 (Điểm phạt SHAP: +0.498)"
470179,High,CRITICAL: BLOCK IMMEDIATELY,"[1] Biến 'unique_devices'=3.0 (Điểm phạt SHAP: +7.041) || [2] Biến 'total_trans_amount'=2,810,753,090 VND (Điểm phạt SHAP: +4.246) || [3] Biến 'avg_trans_amount'=15,879,961 VND (Điểm phạt SHAP: +0.454)"
157640,Critical,CRITICAL: BLOCK IMMEDIATELY,"[1] Biến 'unique_devices'=2.0 (Điểm phạt SHAP: +4.767) || [2] Biến 'total_trans_amount'=100,000,000 VND (Điểm phạt SHAP: +4.433) || [3] Biến 'avg_trans_amount'=50,000,000 VND (Điểm phạt SHAP: +0.836)"
57757,High,CRITICAL: BLOCK IMMEDIATELY,"[1] Biến 'unique_devices'=2.0 (Điểm phạt SHAP: +7.933) || [2] Biến 'total_trans_amount'=30,455,000 VND (Điểm phạt SHAP: +3.917) || [3] Biến 'password_change_count'=1.0 (Điểm phạt SHAP: +0.334)"
942960,High,CRITICAL: BLOCK IMMEDIATELY,"[1] Biến 'unique_devices'=2.0 (Điểm phạt SHAP: +6.481) || [2] Biến 'total_trans_amount'=7,012,031,000 VND (Điểm phạt SHAP: +4.314) || [3] Biến 'avg_trans_amount'=97,389,319 VND (Điểm phạt SHAP: +0.420)"
320946,High,CRITICAL: BLOCK IMMEDIATELY,"[1] Biến 'unique_devices'=2.0 (Điểm phạt SHAP: +7.980) || [2] Biến 'total_trans_amount'=45,090,000 VND (Điểm phạt SHAP: +3.888) || [3] Biến 'password_change_count'=1.0 (Điểm phạt SHAP: +0.334)"
874788,High,CRITICAL: BLOCK IMMEDIATELY,"[1] Biến 'unique_devices'=3.0 (Điểm phạt SHAP: +7.892) || [2] Biến 'total_trans_amount'=153,190,001 VND (Điểm phạt SHAP: +4.003) || [3] Biến 'password_change_count'=1.0 (Điểm phạt SHAP: +0.331)"
42159,Critical,CRITICAL: BLOCK IMMEDIATELY,"[1] Biến 'total_trans_amount'=4,115,991,385 VND (Điểm phạt SHAP: +4.548) || [2] Biến 'unique_devices'=5.0 (Điểm phạt SHAP: +4.433) || [3] Biến 'avg_trans_amount'=35,179,414 VND (Điểm phạt SHAP: +0.787)"
317708,High,CRITICAL: BLOCK IMMEDIATELY,"[1] Biến 'unique_devices'=3.0 (Điểm phạt SHAP: +8.015) || [2] Biến 'total_trans_amount'=14,484,680 VND (Điểm phạt SHAP: +3.881) || [3] Biến 'password_change_count'=1.0 (Điểm phạt SHAP: +0.334)"
918803,High,CRITICAL: BLOCK IMMEDIATELY,"[1] Biến 'unique_devices'=2.0 (Điểm phạt SHAP: +7.014) || [2] Biến 'total_trans_amount'=313,531,022 VND (Điểm phạt SHAP: +4.119) || [3] Biến 'avg_trans_amount'=14,251,410 VND (Điểm phạt SHAP: +0.500)"
436534,High,CRITICAL: BLOCK IMMEDIATELY,"[1] Biến 'unique_devices'=2.0 (Điểm phạt SHAP: +7.997) || [2] Biến 'total_trans_amount'=36,373,909 VND (Điểm phạt SHAP: +3.945) || [3] Biến 'password_change_count'=1.0 (Điểm phạt SHAP: +0.334)"
833095,Critical,CRITICAL: BLOCK IMMEDIATELY,"[1] Biến 'unique_devices'=3.0 (Điểm phạt SHAP: +4.612) || [2] Biến 'total_trans_amount'=797,550,000 VND (Điểm phạt SHAP: +4.471) || [3] Biến 'avg_trans_amount'=37,978,571 VND (Điểm phạt SHAP: +0.831)"
392199,High,CRITICAL: BLOCK IMMEDIATELY,"[1] Biến 'unique_devices'=2.0 (Điểm phạt SHAP: +7.180) || [2] Biến 'total_trans_amount'=634,790,269 VND (Điểm phạt SHAP: +4.173) || [3] Biến 'burst_max'=6.0 (Điểm phạt SHAP: +0.439)"
74580,High,CRITICAL: BLOCK IMMEDIATELY,"[1] Biến 'unique_devices'=2.0 (Điểm phạt SHAP: +8.149) || [2] Biến 'total_trans_amount'=11,230,000 VND (Điểm phạt SHAP: +3.886) || [3] Biến 'password_change_count'=1.0 (Điểm phạt SHAP: +0.334)"
663145,Critical,CRITICAL: BLOCK IMMEDIATELY,"[1] Biến 'unique_devices'=2.0 (Điểm phạt SHAP: +4.855) || [2] Biến 'total_trans_amount'=116,921,169 VND (Điểm phạt SHAP: +4.476) || [3] Biến 'avg_trans_amount'=16,703,024 VND (Điểm phạt SHAP: +0.881)"
540862,High,CRITICAL: BLOCK IMMEDIATELY,"[1] Biến 'unique_devices'=12.0 (Điểm phạt SHAP: +7.358) || [2] Biến 'total_trans_amount'=839,813,038 VND (Điểm phạt SHAP: +4.127) || [3] Biến 'burst_max'=15.0 (Điểm phạt SHAP: +0.500)"
727690,Critical,CRITICAL: BLOCK IMMEDIATELY,"[1] Biến 'unique_devices'=2.0 (Điểm phạt SHAP: +4.656) || [2] Biến 'total_trans_amount'=325,281,152 VND (Điểm phạt SHAP: +4.456) || [3] Biến 'avg_trans_amount'=21,685,410 VND (Điểm phạt SHAP: +0.837)"
237279,High,CRITICAL: BLOCK IMMEDIATELY,"[1] Biến 'unique_devices'=2.0 (Điểm phạt SHAP: +7.979) || [2] Biến 'total_trans_amount'=246,255,000 VND (Điểm phạt SHAP: +3.955) || [3] Biến 'password_change_count'=1.0 (Điểm phạt SHAP: +0.334)"
224618,High,CRITICAL: BLOCK IMMEDIATELY,"[1] Biến 'unique_devices'=3.0 (Điểm phạt SHAP: +7.534) || [2] Biến 'total_trans_amount'=345,624,000 VND (Điểm phạt SHAP: +4.090) || [3] Biến 'password_change_count'=1.0 (Điểm phạt SHAP: +0.302)"
583202,High,CRITICAL: BLOCK IMMEDIATELY,"[1] Biến 'unique_devices'=2.0 (Điểm phạt SHAP: +8.144) || [2] Biến 'total_trans_amount'=85,308,511 VND (Điểm phạt SHAP: +3.934) || [3] Biến 'password_change_count'=1.0 (Điểm phạt SHAP: +0.334)"
226196,High,CRITICAL: BLOCK IMMEDIATELY,"[1] Biến 'unique_devices'=2.0 (Điểm phạt SHAP: +7.544) || [2] Biến 'total_trans_amount'=53,183,995 VND (Điểm phạt SHAP: +3.989) || [3] Biến 'password_change_count'=2.0 (Điểm phạt SHAP: +0.313)"
415887,High,CRITICAL: BLOCK IMMEDIATELY,"[1] Biến 'unique_devices'=2.0 (Điểm phạt SHAP: +7.993) || [2] Biến 'total_trans_amount'=5,134,000 VND (Điểm phạt SHAP: +3.958) || [3] Biến 'password_change_count'=1.0 (Điểm phạt SHAP: +0.333)"
475854,High,CRITICAL: BLOCK IMMEDIATELY,"[1] Biến 'unique_devices'=2.0 (Điểm phạt SHAP: +7.983) || [2] Biến 'total_trans_amount'=28,152,622 VND (Điểm phạt SHAP: +3.882) || [3] Biến 'password_change_count'=2.0 (Điểm phạt SHAP: +0.335)"
120186,High,CRITICAL: BLOCK IMMEDIATELY,"[1] Biến 'unique_devices'=3.0 (Điểm phạt SHAP: +7.986) || [2] Biến 'total_trans_amount'=20,600,000 VND (Điểm phạt SHAP: +3.886) || [3] Biến 'password_change_count'=3.0 (Điểm phạt SHAP: +0.343)"
284183,High,CRITICAL: BLOCK IMMEDIATELY,"[1] Biến 'unique_devices'=3.0 (Điểm phạt SHAP: +7.845) || [2] Biến 'total_trans_amount'=146,594,200 VND (Điểm phạt SHAP: +4.000) || [3] Biến 'password_change_count'=2.0 (Điểm phạt SHAP: +0.334)"
641815,High,CRITICAL: BLOCK IMMEDIATELY,"[1] Biến 'unique_devices'=2.0 (Điểm phạt SHAP: +8.015) || [2] Biến 'total_trans_amount'=108,450,260 VND (Điểm phạt SHAP: +4.005) || [3] Biến 'password_change_count'=1.0 (Điểm phạt SHAP: +0.333)"
493617,High,CRITICAL: BLOCK IMMEDIATELY,"[1] Biến 'unique_devices'=2.0 (Điểm phạt SHAP: +7.832) || [2] Biến 'total_trans_amount'=91,192,942 VND (Điểm phạt SHAP: +4.010) || [3] Biến 'password_change_count'=1.0 (Điểm phạt SHAP: +0.334)"
185722,High,CRITICAL: BLOCK IMMEDIATELY,"[1] Biến 'unique_devices'=2.0 (Điểm phạt SHAP: +6.755) || [2] Biến 'total_trans_amount'=198,078,000 VND (Điểm phạt SHAP: +4.256) || [3] Biến 'burst_max'=6.0 (Điểm phạt SHAP: +0.445)"
909067,High,CRITICAL: BLOCK IMMEDIATELY,"[1] Biến 'unique_devices'=2.0 (Điểm phạt SHAP: +7.756) || [2] Biến 'total_trans_amount'=125,622,325 VND (Điểm phạt SHAP: +3.962) || [3] Biến 'password_change_count'=2.0 (Điểm phạt SHAP: +0.335)"
136984,High,CRITICAL: BLOCK IMMEDIATELY,"[1] Biến 'unique_devices'=2.0 (Điểm phạt SHAP: +7.901) || [2] Biến 'total_trans_amount'=121,436,252 VND (Điểm phạt SHAP: +4.016) || [3] Biến 'password_change_count'=5.0 (Điểm phạt SHAP: +0.318)"
198472,High,CRITICAL: BLOCK IMMEDIATELY,"[1] Biến 'unique_devices'=3.0 (Điểm phạt SHAP: +7.415) || [2] Biến 'total_trans_amount'=185,829,785 VND (Điểm phạt SHAP: +4.113) || [3] Biến 'password_change_count'=2.0 (Điểm phạt SHAP: +0.313)"
730965,High,CRITICAL: BLOCK IMMEDIATELY,"[1] Biến 'unique_devices'=3.0 (Điểm phạt SHAP: +6.763) || [2] Biến 'total_trans_amount'=1,001,908,975 VND (Điểm phạt SHAP: +4.276) || [3] Biến 'burst_max'=6.0 (Điểm phạt SHAP: +0.433)"
229926,High,CRITICAL: BLOCK IMMEDIATELY,"[1] Biến 'unique_devices'=2.0 (Điểm phạt SHAP: +7.316) || [2] Biến 'total_trans_amount'=94,078,702 VND (Điểm phạt SHAP: +4.120) || [3] Biến 'password_change_count'=3.0 (Điểm phạt SHAP: +0.320)"
442019,High,CRITICAL: BLOCK IMMEDIATELY,"[1] Biến 'unique_devices'=2.0 (Điểm phạt SHAP: +7.861) || [2] Biến 'total_trans_amount'=226,935,420 VND (Điểm phạt SHAP: +3.996) || [3] Biến 'password_change_count'=1.0 (Điểm phạt SHAP: +0.317)"
781859,High,CRITICAL: BLOCK IMMEDIATELY,"[1] Biến 'unique_devices'=2.0 (Điểm phạt SHAP: +7.983) || [2] Biến 'total_trans_amount'=32,259,000 VND (Điểm phạt SHAP: +3.895) || [3] Biến 'password_change_count'=1.0 (Điểm phạt SHAP: +0.335)"
971553,High,CRITICAL: BLOCK IMMEDIATELY,[1] Biến 'unique_devices'=2.0 (Điểm phạt SHAP: +11.655) || [2] Biến 'max_inactive_gap'=36.0 (Điểm phạt SHAP: +0.332) || [3] Biến 'password_change_count'=2.0 (Điểm phạt SHAP: +0.243)
499737,High,CRITICAL: BLOCK IMMEDIATELY,"[1] Biến 'unique_devices'=3.0 (Điểm phạt SHAP: +7.956) || [2] Biến 'total_trans_amount'=84,832,685 VND (Điểm phạt SHAP: +3.970) || [3] Biến 'password_change_count'=2.0 (Điểm phạt SHAP: +0.334)"
548945,High,CRITICAL: BLOCK IMMEDIATELY,"[1] Biến 'unique_devices'=5.0 (Điểm phạt SHAP: +7.364) || [2] Biến 'total_trans_amount'=94,013,383 VND (Điểm phạt SHAP: +4.109) || [3] Biến 'burst_max'=6.0 (Điểm phạt SHAP: +0.441)"
1149,High,CRITICAL: BLOCK IMMEDIATELY,"[1] Biến 'unique_devices'=3.0 (Điểm phạt SHAP: +6.288) || [2] Biến 'total_trans_amount'=9,908,824,000 VND (Điểm phạt SHAP: +4.303) || [3] Biến 'avg_trans_amount'=70,275,348 VND (Điểm phạt SHAP: +0.434)"
231086,High,CRITICAL: BLOCK IMMEDIATELY,"[1] Biến 'unique_devices'=2.0 (Điểm phạt SHAP: +7.837) || [2] Biến 'total_trans_amount'=6,500,000 VND (Điểm phạt SHAP: +3.936) || [3] Biến 'password_change_count'=1.0 (Điểm phạt SHAP: +0.334)"
983854,High,CRITICAL: BLOCK IMMEDIATELY,"[1] Biến 'unique_devices'=3.0 (Điểm phạt SHAP: +8.302) || [2] Biến 'total_trans_amount'=27,625,000 VND (Điểm phạt SHAP: +3.847) || [3] Biến 'password_change_count'=1.0 (Điểm phạt SHAP: +0.334)"
28557,High,CRITICAL: BLOCK IMMEDIATELY,"[1] Biến 'unique_devices'=2.0 (Điểm phạt SHAP: +8.093) || [2] Biến 'total_trans_amount'=25,470,000 VND (Điểm phạt SHAP: +3.884) || [3] Biến 'password_change_count'=1.0 (Điểm phạt SHAP: +0.335)"
42353,High,CRITICAL: BLOCK IMMEDIATELY,"[1] Biến 'unique_devices'=2.0 (Điểm phạt SHAP: +8.088) || [2] Biến 'total_trans_amount'=17,589,000 VND (Điểm phạt SHAP: +3.943) || [3] Biến 'password_change_count'=2.0 (Điểm phạt SHAP: +0.334)"
341753,High,CRITICAL: BLOCK IMMEDIATELY,"[1] Biến 'unique_devices'=2.0 (Điểm phạt SHAP: +7.904) || [2] Biến 'total_trans_amount'=46,190,000 VND (Điểm phạt SHAP: +3.947) || [3] Biến 'password_change_count'=2.0 (Điểm phạt SHAP: +0.333)"
255692,High,CRITICAL: BLOCK IMMEDIATELY,"[1] Biến 'unique_devices'=2.0 (Điểm phạt SHAP: +8.094) || [2] Biến 'total_trans_amount'=31,182,000 VND (Điểm phạt SHAP: +3.875) || [3] Biến 'password_change_count'=2.0 (Điểm phạt SHAP: +0.335)"
361318,High,CRITICAL: BLOCK IMMEDIATELY,"[1] Biến 'unique_devices'=7.0 (Điểm phạt SHAP: +7.235) || [2] Biến 'total_trans_amount'=702,052,000 VND (Điểm phạt SHAP: +4.184) || [3] Biến 'password_change_count'=3.0 (Điểm phạt SHAP: +0.315)"
469230,High,CRITICAL: BLOCK IMMEDIATELY,"[1] Biến 'unique_devices'=2.0 (Điểm phạt SHAP: +8.109) || [2] Biến 'total_trans_amount'=3,525,000 VND (Điểm phạt SHAP: +3.876) || [3] Biến 'password_change_count'=1.0 (Điểm phạt SHAP: +0.334)"
